url,domain,cited_by
http://efaj.vse.cz/pdfs/efa/2011/04/03.pdf,efaj.vse.cz,agent5
http://ma.moodys.com/rs/961-KCJ-308/images/Credit-Loss-Impairment-Analysis-Suite.pdf,ma.moodys.com,agent2
http://ma.moodys.com/rs/961-KCJ-308/images/SP39812_MA_ImpairmentCalc.pdf,ma.moodys.com,agent2
http://portal.amfiindia.com/spages/NAVAll.txt,portal.amfiindia.com,agent6
http://software.capitaline.com/aboutus.asp,software.capitaline.com,agent1
http://www.defaultrisk.com/pa_recov_34.htm,defaultrisk.com,agent5
https://about.crediwatch.com/about/product/early-warning-systems,about.crediwatch.com,agent2
https://aloan.ai/compare/aloan-vs-moodys,aloan.ai,agent2
https://andsimple.co/companies/addepar/,andsimple.co,agent1
https://api.mfapi.in/mf/{scheme_code},api.mfapi.in,agent6
https://archive.ics.uci.edu/dataset/144/statlog+german+credit+data,archive.ics.uci.edu,agent6
https://archive.ics.uci.edu/dataset/350/default+of+credit+card+clients,archive.ics.uci.edu,agent6
https://arxiv.org/abs/1507.00244,arxiv.org,agent5
https://arxiv.org/abs/1603.02754,arxiv.org,agent5
https://arxiv.org/abs/1608.05498,arxiv.org,agent5
https://arxiv.org/abs/1705.07874,arxiv.org,agent5
https://arxiv.org/abs/2205.10535,arxiv.org,agent5
https://arxiv.org/abs/2404.17008,arxiv.org,agent5
https://arxiv.org/pdf/1310.4538,arxiv.org,agent9
https://arxiv.org/pdf/1708.00062,arxiv.org,agent9
https://arxiv.org/pdf/2101.08559,arxiv.org,agent9
https://arxiv.org/pdf/2603.11897,arxiv.org,agent5
https://assets.contenthub.wolterskluwer.com/api/public/content/ifrs9-ecl-product-sheet?v=d276c815,assets.contenthub.wolterskluwer.com,agent2
https://assets.equifax.com/marketing/india/assets/mfi-pulse-vol-xxvi-mar-2026.pdf,assets.equifax.com,agent2
https://assets.kpmg.com/content/dam/kpmg/in/pdf/2017/07/Demystifying-Expected-Credit-Loss.pdf,assets.kpmg.com,agent9
https://assets.kpmg.com/content/dam/kpmgsites/in/pdf/2026/05/expected-credit-loss.pdf,assets.kpmg.com,agent8
https://aws.amazon.com/blogs/migration-and-modernization/moodys-transforms-creditlens-change-management-platform-with-innovative-serverless-architecture/,aws.amazon.com,agent2
https://bcajonline.org/journal/implementation-of-expected-credit-loss-model-for-non-banking-financial-companies/,bcajonline.org,agent9
https://bfsi.eletsonline.com/lentra-launches-growth-alliance-program-to-help-emerging-nbfcs-scale-amid-rapid-industry-growth/,bfsi.eletsonline.com,agent2
https://bfsi.eletsonline.com/navigating-challenges-and-innovations-in-indias-nbfc-sector-the-role-of-credit-watch/,bfsi.eletsonline.com,agent2
https://blackrock-eng.medium.com/,blackrock-eng.medium.com,agent7
https://blog.quantinsti.com/calculating-value-at-risk-in-excel-python/,blog.quantinsti.com,agent9
https://blog.tmcnet.com/blog/rich-tehrani/ai/how-blackrock-orchestrates-11t-in-assets-with-production-ai-agents.html,blog.tmcnet.com,agent3
https://builtin.com/job/market-risk-analyst/7034996,builtin.com,agent9
https://businesstats.com/blackrock-aladdin-platform/,businesstats.com,agent3
https://cameronrohn.com/docs/discover/LangChain-Interrupt-2025/presentations/2.11-From-Pilot-to-Platform-Aladdin-Copilot/,cameronrohn.com,agent3
https://capitalmarkets.fanniemae.com/credit-risk-transfer/single-family-credit-risk-transfer/fannie-mae-single-family-loan-performance-data,capitalmarkets.fanniemae.com,agent6
https://careers.blackrock.com/job/gurgaon/application-engineer-java-aladdin-engineering-vice-president/45831/87069589664,careers.blackrock.com,agent3
https://careers.blackrock.com/job/mumbai/java-developer-aladdin-engineering-associate/45831/80929434448,careers.blackrock.com,agent3
https://careers.blackrock.com/job/new-york/java-backend-engineer-aladdin-engineering-associate/45831/77775366352,careers.blackrock.com,agent3
https://cfasocietyindia.org/wp-content/uploads/2021/07/Capitaline_offer-doc.pdf,cfasocietyindia.org,agent1
https://communities.sas.com/t5/SAS-Communities-Library/Resilient-Finance-SAS-Stress-Testing-Calculation-Process/ta-p/953332,communities.sas.com,agent2
https://communities.sas.com/t5/SAS-Communities-Library/What-is-SAS-Allowance-for-Credit-Loss/ta-p/918407,communities.sas.com,agent2
https://corporatefinanceinstitute.com/resources/career-map/sell-side/risk-management/market-risk-analyst,corporatefinanceinstitute.com,agent9
https://cran.r-project.org/web/packages/nser/nser.pdf,cran.r-project.org,agent6
https://credable.in/,credable.in,agent2
https://data-explorer.oecd.org/,data-explorer.oecd.org,agent6
https://data.bis.org/,data.bis.org,agent6
https://data.bloomberglp.com/professional/sites/4/Portfolio_and_Risk_Analytics_Brochure4.pdf,data.bloomberglp.com,agent1
https://data.ecb.europa.eu/,data.ecb.europa.eu,agent6
https://data.imf.org/,data.imf.org,agent6
https://data.nasdaq.com/,data.nasdaq.com,agent6
https://data.rbi.org.in/,data.rbi.org.in,agent6
https://data.worldbank.org/,data.worldbank.org,agent6
https://dataintellect.com/blog/calculating-var-using-monte-carlo-simulation/,dataintellect.com,agent9
https://dbie.rbi.org.in/,dbie.rbi.org.in,agent6
https://deepnote.com/compare/alternatives/streamlit,deepnote.com,agent7
https://dev.to/procwire/why-your-scheduled-github-actions-workflow-runs-late-or-stops-running-entirely-173h,dev.to,agent7
https://dhanhq.co/docs/v2/,dhanhq.co,agent6
https://docs.kanaries.net/topics/Streamlit/streamlit-vs-dash,docs.kanaries.net,agent7
https://docs.oracle.com/en/industries/financial-services/ofs-analytical-applications/ifrs9-solution-cloud/24c/ifbug/getting-started-ifrs9-solution.html,docs.oracle.com,agent2
https://docs.oracle.com/en/industries/financial-services/ofs-analytical-applications/ifrs9-solution-cloud/25d/ifrsr/expected-credit-loss-overview-reports.html,docs.oracle.com,agent2
https://docs.oracle.com/en/industries/financial-services/ofs-analytical-applications/stress-testing-analytics/8.1.2.5.0/stsuh/introduction-ofsstsa.html,docs.oracle.com,agent2
https://doi.org/10.1002/9781118374719,doi.org,agent5
https://doi.org/10.1016/0304-405X(93,doi.org,agent5
https://doi.org/10.1016/S0047-259X(03,doi.org,agent5
https://doi.org/10.1016/S0378-4266(02,doi.org,agent5
https://doi.org/10.1016/S0927-5398(00,doi.org,agent5
https://doi.org/10.1016/S1042-9573(03,doi.org,agent5
https://doi.org/10.1016/j.ejor.2015.05.030,doi.org,agent5
https://doi.org/10.1016/j.ijforecast.2011.01.006,doi.org,agent5
https://doi.org/10.1016/j.ijforecast.2013.03.003,doi.org,agent5
https://doi.org/10.1016/j.jfineco.2014.10.010,doi.org,agent5
https://doi.org/10.1057/s41274-016-0128-9,doi.org,agent5
https://doi.org/10.1093/rfs/10.2.481,doi.org,agent5
https://doi.org/10.1093/rfs/hhm075,doi.org,agent5
https://doi.org/10.1111/1467-9965.00068,doi.org,agent5
https://doi.org/10.1111/j.1540-6261.1952.tb01525.x,doi.org,agent5
https://doi.org/10.1111/j.1540-6261.1968.tb00843.x,doi.org,agent5
https://doi.org/10.1111/j.1540-6261.1974.tb03058.x,doi.org,agent5
https://doi.org/10.1111/j.1540-6261.1997.tb03808.x,doi.org,agent5
https://doi.org/10.1177/0256090917733848,doi.org,agent5
https://doi.org/10.1198/jasa.2011.r10138,doi.org,agent5
https://doi.org/10.1214/19-AOS1921,doi.org,agent5
https://doi.org/10.1287/mnsc.2015.2342,doi.org,agent5
https://doi.org/10.1287/opre.50.2.277.426,doi.org,agent5
https://doi.org/10.2139/ssrn.2101465,doi.org,agent5
https://doi.org/10.2307/2527341,doi.org,agent5
https://doi.org/10.2469/faj.v48.n5.28,doi.org,agent5
https://doi.org/10.3905/jod.1995.407942,doi.org,agent5
https://dotexdata.nseindia.com/TermsAndConditions/TermsofUse.pdf,dotexdata.nseindia.com,agent6
https://dvararesearch.com/wp-content/uploads/2024/01/Note-on-RBIs-PCA-Framework-for-NBFCs.pdf,dvararesearch.com,agent8
https://dzone.com/articles/airflow-vs-dagster-vs-prefect-which-scheduler-fits,dzone.com,agent7
https://ec.europa.eu/eurostat,ec.europa.eu,agent6
https://eclsquare.com/solutions/for-nbfcs,eclsquare.com,agent2
https://econpapers.repec.org/RePEc:cup:jfinqa:v:9:y:1974:i:02:p:263-274_01,econpapers.repec.org,agent5
https://econpapers.repec.org/RePEc:iim:iimawp:12130,econpapers.repec.org,agent5
https://en.wikipedia.org/wiki/Aladdin_(BlackRock,en.wikipedia.org,agent3
https://en.wikipedia.org/wiki/CRIF_High_Mark_Credit_Information_Services,en.wikipedia.org,agent2
https://en.wikipedia.org/wiki/Charles_Hallac,en.wikipedia.org,agent3
https://en.wikipedia.org/wiki/Clearwater_Analytics,en.wikipedia.org,agent1
https://en.wikipedia.org/wiki/Kuvera.in,en.wikipedia.org,agent1
https://engineering.blackrock.com/open-sourcing-the-aladdinsdk-empower-python-developers-with-a-quantitative-edge-7f63376061e6,engineering.blackrock.com,agent3;agent7
https://eodhd.com/pricing,eodhd.com,agent6
https://esankhyiki.mospi.gov.in/,esankhyiki.mospi.gov.in,agent6
https://expresstech.io/7-fly-io-alternatives-in-2026-real-pricing-after-the-free-tier-died/,expresstech.io,agent7
https://faculty.iima.ac.in/iffm/Indian-Equities/2014-07-01-Betting-Against-Beta-SSRN-id2464097.pdf,faculty.iima.ac.in,agent5
https://faculty.iima.ac.in/iffm/Indian-Fama-French-Momentum/,faculty.iima.ac.in,agent5;agent6
https://fidcindia.org.in/wp-content/uploads/2020/03/RBI-IND-AS-13-03-20.pdf,fidcindia.org.in,agent8
https://finadium.com/blackrock-to-launch-aladdin-in-cloud-with-fintech-partner-snowflake/,finadium.com,agent3
https://finnhub.io/pricing,finnhub.io,agent6
https://fiscaldata.treasury.gov/api-documentation/,fiscaldata.treasury.gov,agent6
https://fred.stlouisfed.org/docs/api/fred/,fred.stlouisfed.org,agent6
https://freefincal.com/download-historical-total-returns-index-data-52-nse-indices/,freefincal.com,agent6
https://freefincal.com/mutual-fund-nav-history-downloader-amfi-yahoo-finance/,freefincal.com,agent6
https://freefincal.com/sebis-maximum-risk-matrix-for-debt-mutual-funds/,freefincal.com,agent8
https://gist.github.com/donbr/ed2f0ff63f2d3cc4c24d4a1b7131908e,gist.github.com,agent3
https://github.com/AI4Finance-Foundation/FinRL,github.com,agent11_crosscheck
https://github.com/AmruthPillai/AMFI-NAV-History-Scraper,github.com,agent6
https://github.com/ArturSepp/OptimalPortfolios,github.com,agent4
https://github.com/ArturSepp/QuantInvestStrats,github.com,agent4
https://github.com/CamDavidsonPilon/lifelines,github.com,agent4
https://github.com/DanielBok/copulae,github.com,agent4
https://github.com/FyersDev/fyers-api-sample-code,github.com,agent6
https://github.com/HypothesisWorks/hypothesis,github.com,agent7
https://github.com/JerBouma/FinanceToolkit,github.com,agent4
https://github.com/MBKraus/Python_Portfolio__VaR_Tool,github.com,agent4
https://github.com/Marigold/universal-portfolios,github.com,agent4
https://github.com/NayakwadiS/mftool,github.com,agent4;agent9
https://github.com/OpenBB-finance/OpenBB,github.com,agent4;agent6;agent7
https://github.com/OpenBB-finance/OpenBB/tree/develop/openbb_platform,github.com,agent7
https://github.com/OpenSourceAP/CrossSection,github.com,agent6
https://github.com/OpenSourceRisk/Engine,github.com,agent4
https://github.com/ParidhiBhardwajj/portfolio-risk-optimizer,github.com,agent9
https://github.com/PrefectHQ/prefect,github.com,agent7
https://github.com/PyPortfolio/PyPortfolioOpt,github.com,agent4
https://github.com/QuantConnect/Lean,github.com,agent4
https://github.com/RuchiTanmay/nselib,github.com,agent4
https://github.com/ShichenXie/scorecardpy,github.com,agent4
https://github.com/ShrishDhuria/IFRS9_ECL,github.com,agent4;agent9
https://github.com/ShrishDhuria/market-risk-engine,github.com,agent7
https://github.com/aeron7/nsepython,github.com,agent4
https://github.com/afadil/wealthfolio,github.com,agent9
https://github.com/amphibian-dev/toad,github.com,agent4
https://github.com/angel-one/smartapi-python,github.com,agent6
https://github.com/ankitjha67/baselkit,github.com,agent11_crosscheck
https://github.com/api-evangelist/aladdin-studio,github.com,agent3
https://github.com/apiwit1604/Portfolio_Value-at-Risk_Engine_and_Dashboard,github.com,agent9
https://github.com/arnobotha/IFRS9-SICR-Definitions-Logit,github.com,agent4
https://github.com/arnobotha/LifetimePD-TermStructure-Multistate,github.com,agent4
https://github.com/attack68/rateslib,github.com,agent4
https://github.com/auto-differentiation/QuantLib-Risks-Py,github.com,agent4
https://github.com/bashtage/arch,github.com,agent4
https://github.com/bashtage/linearmodels,github.com,agent4
https://github.com/blackrock,github.com,agent3
https://github.com/blackrock/aladdinsdk,github.com,agent3
https://github.com/blackrock/aladdinsdk-plugin-builder,github.com,agent3
https://github.com/blackrock/aladdinsdk-plugin-builder/tree/main/resources/swagger_plugin_bundles/accounting,github.com,agent3
https://github.com/blackrock/aladdinsdk-plugin-builder/tree/main/resources/swagger_plugin_bundles/analytics,github.com,agent3
https://github.com/blackrock/aladdinsdk-plugin-builder/tree/main/resources/swagger_plugin_bundles/compliance,github.com,agent3
https://github.com/blackrock/aladdinsdk-plugin-builder/tree/main/resources/swagger_plugin_bundles/data,github.com,agent3
https://github.com/blackrock/topnotch,github.com,agent3
https://github.com/boredbird/woe,github.com,agent4
https://github.com/braverock/PerformanceAnalytics,github.com,agent4
https://github.com/captn3m0/historical-mf-data,github.com,agent6
https://github.com/chenxi-bot21/market-risk-engine,github.com,agent7
https://github.com/cloudQuant/fincore,github.com,agent4
https://github.com/codereverser/casparser,github.com,agent9
https://github.com/codereverser/casparser/issues,github.com,agent9
https://github.com/convexfi/riskparity.py,github.com,agent4
https://github.com/cvxgrp/cvxportfolio,github.com,agent11_crosscheck
https://github.com/cvxpy/cvxpy,github.com,agent4
https://github.com/dagster-io/dagster,github.com,agent7
https://github.com/dask/dask,github.com,agent7
https://github.com/dcajasn/Riskfolio-Lib,github.com,agent1;agent4;agent9
https://github.com/dhan-oss/DhanHQ-py,github.com,agent6
https://github.com/domokane/FinancePy,github.com,agent4
https://github.com/duckdb/duckdb,github.com,agent7
https://github.com/eddyzzl/marvis-risk-agent,github.com,agent4
https://github.com/efrecon/gh-action-keepalive,github.com,agent7
https://github.com/evidence-dev/evidence,github.com,agent7
https://github.com/fmilthaler/FinQuant,github.com,agent4
https://github.com/fortitudo-tech/fortitudo.tech,github.com,agent4
https://github.com/georgebv/pyextremes,github.com,agent4
https://github.com/gerrymanoim/exchange_calendars,github.com,agent4
https://github.com/ghostfolio/ghostfolio,github.com,agent4;agent9
https://github.com/goldmansachs/gs-quant,github.com,agent4
https://github.com/google/tf-quant-finance,github.com,agent4
https://github.com/grantjenks/python-diskcache,github.com,agent7
https://github.com/guillermo-navas-palencia/optbinning,github.com,agent4
https://github.com/holoviz/panel,github.com,agent7
https://github.com/hudson-and-thames/mlfinlab,github.com,agent4
https://github.com/husaam-atq/volatility-risk-forecasting-platform,github.com,agent11_crosscheck
https://github.com/itlubber/scorecardpipeline,github.com,agent4
https://github.com/jankrepl/deepdow,github.com,agent4
https://github.com/jax-ml/jax,github.com,agent7
https://github.com/jugaad-py/jugaad-data,github.com,agent4;agent6
https://github.com/jugaad-py/jugaad-data/pull/140,github.com,agent6
https://github.com/lballabio/QuantLib,github.com,agent4
https://github.com/lballabio/QuantLib-SWIG,github.com,agent4
https://github.com/man-group/ArcticDB,github.com,agent7
https://github.com/man-group/arctic,github.com,agent7
https://github.com/marksguo/frtb-ima-risk-monitor,github.com,agent7
https://github.com/mementum/backtrader,github.com,agent4
https://github.com/microsoft/qlib,github.com,agent11_crosscheck
https://github.com/mourarthur/awesome-credit-modeling,github.com,agent4
https://github.com/naenumtou/ifrs9,github.com,agent4
https://github.com/nautechsystems/nautilus_trader,github.com,agent4
https://github.com/numba/numba,github.com,agent7
https://github.com/open-risk,github.com,agent9
https://github.com/open-risk/awesome-sustainable-finance,github.com,agent4
https://github.com/open-risk/concentrationMetrics,github.com,agent4
https://github.com/open-risk/correlationMatrix,github.com,agent4
https://github.com/open-risk/openLGD,github.com,agent4
https://github.com/open-risk/openNPL,github.com,agent4
https://github.com/open-risk/openRiskScore,github.com,agent4
https://github.com/open-risk/portfolioAnalytics,github.com,agent4
https://github.com/open-risk/transitionMatrix,github.com,agent4
https://github.com/orgs/blackrock/repositories,github.com,agent3
https://github.com/osqp/osqp,github.com,agent4
https://github.com/oxfordcontrol/Clarabel.rs,github.com,agent4
https://github.com/plotly/dash,github.com,agent4;agent7
https://github.com/pmorissette/bt,github.com,agent4
https://github.com/pmorissette/ffn,github.com,agent4
https://github.com/pola-rs/polars,github.com,agent7
https://github.com/polakowo/vectorbt,github.com,agent4
https://github.com/portfolio-performance/portfolio,github.com,agent4
https://github.com/posit-dev/py-shiny,github.com,agent7
https://github.com/pydata/pandas-datareader,github.com,agent4;agent6
https://github.com/quantopian/alphalens,github.com,agent4;agent6
https://github.com/quantopian/empyrical,github.com,agent4
https://github.com/quantopian/pyfolio,github.com,agent4
https://github.com/quantopian/zipline,github.com,agent4;agent7
https://github.com/questdb/questdb,github.com,agent7
https://github.com/ranaroussi/quantstats,github.com,agent4;agent9
https://github.com/ranaroussi/yfinance,github.com,agent4;agent6
https://github.com/ray-project/ray,github.com,agent7
https://github.com/redis/redis,github.com,agent7
https://github.com/rkhuran/CECL-Modelling-Implementation,github.com,agent4
https://github.com/robertmartin8/PyPortfolioOpt,github.com,agent9
https://github.com/rsheftel/pandas_market_calendars,github.com,agent4
https://github.com/santoshlite/EigenLedger,github.com,agent4
https://github.com/satwikbasu/indian-market-data-endpoints/blob/main/endpoints/niftyindices-tri-api.md,github.com,agent6
https://github.com/scikit-learn/scikit-learn,github.com,agent4
https://github.com/sdabhi23/bsedata,github.com,agent4
https://github.com/sdv-dev/Copulas,github.com,agent4
https://github.com/sdv-dev/SDV,github.com,agent6
https://github.com/sebastian-gm/credit_risk_IFRS9_ECL_model,github.com,agent4
https://github.com/skfolio/skfolio,github.com,agent4
https://github.com/statsmodels/statsmodels,github.com,agent4
https://github.com/stefan-jansen/alphalens-reloaded,github.com,agent4
https://github.com/stefan-jansen/empyrical-reloaded,github.com,agent4
https://github.com/stefan-jansen/machine-learning-for-trading,github.com,agent4
https://github.com/stefan-jansen/pyfolio-reloaded,github.com,agent4
https://github.com/stefan-jansen/zipline-reloaded,github.com,agent4;agent7
https://github.com/streamlit/streamlit,github.com,agent4;agent7
https://github.com/swapniljariwala/nsepy,github.com,agent4
https://github.com/swapniljariwala/nsepy/issues/46,github.com,agent6
https://github.com/timescale/timescaledb,github.com,agent7
https://github.com/topics/ifrs9,github.com,agent9
https://github.com/topics/mutual-funds-india,github.com,agent9
https://github.com/topics/portfolio-risk,github.com,agent9
https://github.com/topics/xirr,github.com,agent9
https://github.com/tradytics/eiten,github.com,agent4
https://github.com/upstox/upstox-python,github.com,agent6
https://github.com/vsjha18/nsetools,github.com,agent4
https://github.com/vsjha18/nsetools/issues/23,github.com,agent6
https://github.com/wilsonfreitas/awesome-quant,github.com,agent4;agent6
https://github.com/zauberzeug/nicegui,github.com,agent7
https://github.com/zerodha/pykiteconnect,github.com,agent4;agent6
https://github.com/zongmaow/portfolio-risk-dashboard,github.com,agent9
https://hedgenordic.com/2023/12/enfusion-platform-an-integrated-front-middle-and-back-office-experience/,hedgenordic.com,agent1
https://home.treasury.gov/resource-center/data-chart-center/interest-rates/TextView?type=daily_treasury_yield_curve,home.treasury.gov,agent6
https://ibjarates.com/,ibjarates.com,agent6
https://ibsintelligence.com/ibsi-news/federal-bank-taps-kaleidofin-to-optimise-microfinance-loan-portfolio/,ibsintelligence.com,agent2
https://ideas.repec.org/a/ijc/ijcjou/y2009q3a7.html,ideas.repec.org,agent5
https://ideas.repec.org/a/pal/jorsoc/v56y2005i9d10.1057_palgrave.jors.2601990.html,ideas.repec.org,agent5
https://ifrstech.com/blog/ifrs-9-ecl-software-for-banks/,ifrstech.com,agent9
https://in.investing.com/indices/cnx-500-tri-historical-data,in.investing.com,agent6
https://investables.ai/blog/how-much-does-moodys-analytics-cost,investables.ai,agent2
https://investor.factset.com/news-releases/news-release-details/factset-expands-multi-asset-class-analytics-performance-and-risk,investor.factset.com,agent1
https://investors.fico.com/news-releases/news-release-details/new-fico-credit-scores-provide-lenders-opportunity-expand-access,investors.fico.com,agent2
https://investwellonline.com/investwell-mint/,investwellonline.com,agent1
https://investwellonline.com/pricing/,investwellonline.com,agent1
https://ir.blackrock.com/news-and-events/press-releases/press-releases-details/2020/BlackRock-and-Microsoft-Form-Strategic-Partnership-to-Host-Aladdin-on-Azure-as-BlackRock-Readies-Aladdin-for-Next-Chapter-of-Innovation/default.aspx,ir.blackrock.com,agent3
https://jeangalea.com/kubera-review/,jeangalea.com,agent1
https://jod.pm-research.com/content/6/1/7,jod.pm-research.com,agent5
https://journals.sagepub.com/doi/full/10.1177/0256090917733848,journals.sagepub.com,agent5
https://justinmckelvey.com/blog/is-render-free,justinmckelvey.com,agent7
https://kite.trade/docs/connect/v3,kite.trade,agent6
https://knmindia.com/navigating-the-2026-rbi-iracp-amendment-ecl-provisions-and-default-loss-guarantee-dlg-arrangements-for-nbfcs/,knmindia.com,agent8
https://kuvera.in/blog/tax-harvesting-in-mutual-funds-how-it-works-and-why-it-matters/,kuvera.in,agent1
https://lentra.ai/,lentra.ai,agent2
https://link.springer.com/article/10.1007/s10693-007-0014-3,link.springer.com,agent5
https://link.springer.com/article/10.1057/s41274-016-0128-9,link.springer.com,agent5
https://liquilens.in/guides/rbi-nbfc-early-warning-system/,liquilens.in,agent8
https://m.rbi.org.in/scripts/BS_CircularIndexDisplay.aspx?Id=11818,m.rbi.org.in,agent8
https://ma.moodys.com/rs/961-KCJ-308/images/5.24.11%20-%20CreditLens%20Release%20Notes.pdf?version=0,ma.moodys.com,agent2
https://ma.moodys.com/rs/961-KCJ-308/images/CreditEdge%20Training%20-%20September%2011%202019.pdf,ma.moodys.com,agent2
https://makerkit.dev/pricing-calculator/railway,makerkit.dev,agent7
https://marketplace.microsoft.com/en-us/product/saas/tchinformationanalyticsprivatelimited1654155358283.crediwatch_1?tab=overview,marketplace.microsoft.com,agent2
https://mba.tuck.dartmouth.edu/pages/faculty/ken.french/data_library.html,mba.tuck.dartmouth.edu,agent6
https://mdi.ac.in/elibrary/User_Guide/Ace_Equity_User_Guide.pdf,mdi.ac.in,agent1
https://medium.com/@marcskovmadsen/i-prefer-to-use-panel-for-my-data-apps-here-is-why-1ff5d2b98e8f,medium.com,agent7
https://medium.com/@nabil.nouali/mastering-value-at-risk-var-in-python-a-complete-guide-to-the-three-essential-methods-5d1552202a76,medium.com,agent9
https://medium.com/@sajid28.03/blackrocks-aladdin-part-1-history-of-a-financial-industry-behemoth-a556abcd7860,medium.com,agent3
https://medium.com/blackrock-engineering/design-systems-must-grow-and-evolve-b3b8994b1977,medium.com,agent3
https://medium.com/blackrock-engineering/the-blackrock-messaging-system-aeae461e4211,medium.com,agent3;agent7
https://mfinindia.org/,mfinindia.org,agent6
https://mpra.ub.uni-muenchen.de/24822/,mpra.ub.uni-muenchen.de,agent5
https://news.microsoft.com/source/2020/04/07/blackrock-and-microsoft-form-strategic-partnership-to-host-aladdin-on-azure-as-blackrock-readies-aladdin-for-next-chapter-of-innovation/,news.microsoft.com,agent3
https://news.ycombinator.com/item?id=13403061,news.ycombinator.com,agent9
https://news.ycombinator.com/item?id=13906770,news.ycombinator.com,agent9
https://news.ycombinator.com/item?id=14019500,news.ycombinator.com,agent9
https://news.ycombinator.com/item?id=15756062,news.ycombinator.com,agent9
https://news.ycombinator.com/item?id=15819016,news.ycombinator.com,agent9
https://news.ycombinator.com/item?id=24428206,news.ycombinator.com,agent9
https://news.ycombinator.com/item?id=29104047,news.ycombinator.com,agent7
https://news.ycombinator.com/item?id=32118796,news.ycombinator.com,agent9
https://news.ycombinator.com/item?id=35432421,news.ycombinator.com,agent9
https://news.ycombinator.com/item?id=36284990,news.ycombinator.com,agent9
https://news.ycombinator.com/item?id=41465735,news.ycombinator.com,agent9
https://news.ycombinator.com/item?id=43490345,news.ycombinator.com,agent9
https://news.ycombinator.com/item?id=45722639,news.ycombinator.com,agent9
https://news.ycombinator.com/item?id=46006016,news.ycombinator.com,agent9
https://news.ycombinator.com/item?id=46896523,news.ycombinator.com,agent9
https://news.ycombinator.com/item?id=5198376,news.ycombinator.com,agent9
https://news.ycombinator.com/item?id=<id,news.ycombinator.com,agent9
https://nsearchives.nseindia.com/content/cm/,nsearchives.nseindia.com,agent6
https://nsearchives.nseindia.com/content/cm/BhavCopy_NSE_CM_0_0_0_YYYYMMDD_F.csv.zip,nsearchives.nseindia.com,agent6
https://onlinelibrary.wiley.com/doi/abs/10.1002/(SICI,onlinelibrary.wiley.com,agent5
https://onlinelibrary.wiley.com/doi/abs/10.1016/j.rfe.2013.05.001,onlinelibrary.wiley.com,agent5
https://onlinelibrary.wiley.com/doi/book/10.1002/9781118374719,onlinelibrary.wiley.com,agent5
https://pages.marketintelligence.spglobal.com/Credit-Analytics-RiskGauge-Demo.html,pages.marketintelligence.spglobal.com,agent2
https://pages.marketintelligence.spglobal.com/IFRS-9-Website.html,pages.marketintelligence.spglobal.com,agent2
https://papers.ssrn.com/sol3/papers.cfm?abstract_id=2708678,papers.ssrn.com,agent5
https://papers.ssrn.com/sol3/papers.cfm?abstract_id=334304,papers.ssrn.com,agent5
https://papers.ssrn.com/sol3/papers.cfm?abstract_id=3479867,papers.ssrn.com,agent5
https://papers.ssrn.com/sol3/papers.cfm?abstract_id=7065,papers.ssrn.com,agent5
https://perfios.com/credit-monitoring-platform,perfios.com,agent2
https://ploomber.io/blog/survey-python-frameworks/,ploomber.io,agent7
https://polygon.io/pricing,polygon.io,agent6
https://primeinvestor.in/nifty-pe-ratio/,primeinvestor.in,agent6
https://prnewswire.com/news-releases/otcx-goes-live-with-blackrocks-aladdin-302890369.html,prnewswire.com,agent3
https://professional.bloomberg.com/solutions/buy-side/trade-execution/,professional.bloomberg.com,agent1
https://prowessiq.cmie.com/,prowessiq.cmie.com,agent6
https://publisher.smallcase.com/,publisher.smallcase.com,agent1
https://pubsonline.informs.org/doi/abs/10.1287/mnsc.2015.2342,pubsonline.informs.org,agent5
https://pydata.org/chicago2016/schedule/presentation/12/,pydata.org,agent7
https://pypi.org/project/aladdinsdk/,pypi.org,agent3
https://pypi.org/project/bhav/,pypi.org,agent6
https://pypi.org/project/yfinance/,pypi.org,agent6
https://pypi.org/pypi/<name,pypi.org,agent4
https://pypi.org/pypi/<pkg,pypi.org,agent4
https://pypi.org/pypi/zipline-reloaded/json,pypi.org,agent4
https://pythonbytes.fm/episodes/show/152/you-have-35-million-lines-of-python-2-now-what,pythonbytes.fm,agent7
https://quintedge.com/blog/ifrs-9-ecl-model-guide,quintedge.com,agent8
https://raw.githubusercontent.com/Marigold/universal-portfolios/master/LICENSE,raw.githubusercontent.com,agent4
https://raw.githubusercontent.com/auto-differentiation/QuantLib-Risks-Py/main/LICENSE.md,raw.githubusercontent.com,agent4
https://raw.githubusercontent.com/bashtage/arch/main/LICENSE.md,raw.githubusercontent.com,agent4
https://raw.githubusercontent.com/blackrock/aladdinsdk-plugin-builder/main/README.md,raw.githubusercontent.com,agent3
https://raw.githubusercontent.com/blackrock/aladdinsdk-plugin-builder/main/resources/swagger_plugin_bundles/accounting/accounting_transactions_abor_lot_v1_abor_lot_api.swagger.json,raw.githubusercontent.com,agent3
https://raw.githubusercontent.com/blackrock/aladdinsdk-plugin-builder/main/resources/swagger_plugin_bundles/analytics/analytics_oversight_governance_v1_risk_rule_api.swagger.json,raw.githubusercontent.com,agent3
https://raw.githubusercontent.com/blackrock/aladdinsdk-plugin-builder/main/resources/swagger_plugin_bundles/compliance/compliance_state_compliance_rule_v1_compliance_rule_api.swagger.json,raw.githubusercontent.com,agent3
https://raw.githubusercontent.com/blackrock/aladdinsdk-plugin-builder/main/resources/swagger_plugin_bundles/compliance/compliance_state_violation_v1_violation_api.swagger.json,raw.githubusercontent.com,agent3
https://raw.githubusercontent.com/blackrock/aladdinsdk-plugin-builder/main/resources/swagger_plugin_bundles/data/data_reference_data_asset_asset_creation_v1_security_creation_api.swagger.json,raw.githubusercontent.com,agent3
https://raw.githubusercontent.com/blackrock/aladdinsdk/main/README.md,raw.githubusercontent.com,agent3
https://raw.githubusercontent.com/duckdb/duckdb-web/main/docs/current/clients/python/overview.md,raw.githubusercontent.com,agent7
https://raw.githubusercontent.com/duckdb/duckdb-web/main/docs/current/connect/concurrency.md,raw.githubusercontent.com,agent7
https://raw.githubusercontent.com/hudson-and-thames/mlfinlab/master/LICENSE.txt,raw.githubusercontent.com,agent4
https://raw.githubusercontent.com/huggingface/hub-docs/main/docs/hub/spaces-overview.md,raw.githubusercontent.com,agent7
https://raw.githubusercontent.com/jugaad-py/jugaad-data/master/LICENSE.YOLO.md,raw.githubusercontent.com,agent4
https://raw.githubusercontent.com/lballabio/QuantLib/master/LICENSE.TXT,raw.githubusercontent.com,agent4
https://raw.githubusercontent.com/man-group/ArcticDB/master/README.md,raw.githubusercontent.com,agent7
https://raw.githubusercontent.com/openbq-org/OpenBB/develop/LICENSE,raw.githubusercontent.com,agent4
https://raw.githubusercontent.com/polakowo/vectorbt/master/LICENSE.md,raw.githubusercontent.com,agent4
https://raw.githubusercontent.com/pydata/pandas-datareader/main/LICENSE.md,raw.githubusercontent.com,agent4
https://raw.githubusercontent.com/sdv-dev/Copulas/main/LICENSE,raw.githubusercontent.com,agent4
https://raw.githubusercontent.com/streamlit/docs/main/content/deploy/community-cloud/manage-your-app/_index.md,raw.githubusercontent.com,agent7
https://raw.githubusercontent.com/streamlit/docs/main/content/develop/concepts/architecture/caching.md,raw.githubusercontent.com,agent7
https://raw.githubusercontent.com/streamlit/docs/main/content/develop/concepts/connections/authentication.md,raw.githubusercontent.com,agent7
https://raw.githubusercontent.com/swapniljariwala/nsepy/master/LICENSE,raw.githubusercontent.com,agent4
https://rbi.org.in/scripts/NotificationUser.aspx?Mode=0&Id=12859,rbi.org.in,agent8
https://rbidocs.rbi.org.in/rdocs/PressRelease/PDFs/PR150994739A099E843668A75A7F92C9E9BD1.PDF,rbidocs.rbi.org.in,agent8
https://rbidocs.rbi.org.in/rdocs/Publications/PDFs/DPECL160012023AE79B7B546C94715AA8468B0811096F5.PDF,rbidocs.rbi.org.in,agent8
https://rbidocs.rbi.org.in/rdocs/notification/PDFs/106MDNBFCS1910202343073E3EF57A4916AA5042911CD8D562.PDF,rbidocs.rbi.org.in,agent8
https://render.com/articles/platforms-with-a-real-free-tier-for-developers-in-2026,render.com,agent7
https://riskfolio-lib.readthedocs.io/en/latest/index.html,riskfolio-lib.readthedocs.io,agent1
https://robberger.com/tools/portfolio-visualizer/,robberger.com,agent1
https://roopya.money/early-warning-signal/,roopya.money,agent2
https://roopya.money/expected-credit-loss-or-ecl-calculation/,roopya.money,agent2
https://ryanoconnellfinance.com/monte-carlo-method-value-at-risk/,ryanoconnellfinance.com,agent9
https://s24.q4cdn.com/856567660/files/doc_downloads/2025/02/Q4-24-10-K-Final.pdf,s24.q4cdn.com,agent3
https://sensibull.com/,sensibull.com,agent1
https://smartapi.angelbroking.com/,smartapi.angelbroking.com,agent6
https://stableinvestor.com/2020/10/new-riskometer-mutual-fund-sebi.html,stableinvestor.com,agent8
https://stooq.com/db/h/,stooq.com,agent6
https://suditkparekh.com/pdf/ind-as-109-ecl-modelling-key-judgements-and-practical-challenges-skpcollp.pdf,suditkparekh.com,agent9
https://taxguru.in/chartered-accountant/impact-ind-non-banking-financial-companies-nbfcs.html,taxguru.in,agent8
https://taxguru.in/rbi/large-exposures-framework-upper-layer-nbfc-ul.html,taxguru.in,agent8
https://taxguru.in/rbi/rbi-commercial-banks-asset-classification-provisioning-income-recognition-directions-2026.html,taxguru.in,agent8
https://taxguru.in/rbi/rbi-non-banking-financial-companies-prudential-norms-capital-adequacy-third-amendment-directions-2026.html,taxguru.in,agent8
https://taxguru.in/sebi/evaluation-methodology-risk-level-mutual-fund-scheme.html,taxguru.in,agent8
https://taxguru.in/sebi/product-labeling-mutual-fund-schemes-risk-o-meter.html,taxguru.in,agent8
https://thecfoclub.com/tools/addepar-review/,thecfoclub.com,agent1
https://thecfoclub.com/tools/kubera-software-review/,thecfoclub.com,agent1
https://thewhiterabbitreport.substack.com/p/blackrocks-aladdin-the-ai-quietly,thewhiterabbitreport.substack.com,agent3
https://tradingqna.com/t/has-nse-changed-bhavcopy-location/169551,tradingqna.com,agent6
https://twelvedata.com/pricing,twelvedata.com,agent6
https://uniqus.com/rbi-draft-ecl-directions-2025/,uniqus.com,agent8
https://uniqus.com/the-implementation-reality-check/,uniqus.com,agent8
https://upstox.com/developer/api-documentation/open-api,upstox.com,agent6
https://v2.webnotes.in/amfi-nav-file-navall,v2.webnotes.in,agent6
https://vinodkothari.com/2020/03/guidance-on-implementation-of-ind-as-by-nbfcs/,vinodkothari.com,agent8
https://vinodkothari.com/2021/11/npa-classification-norms-2/,vinodkothari.com,agent8
https://vinodkothari.com/2023/06/faqs-on-default-loss-guarantee-in-digital-lending/,vinodkothari.com,agent8
https://vinodkothari.com/wp-content/uploads/2024/07/FRM.pdf,vinodkothari.com,agent8
https://wallstreetfintech.substack.com/p/jody-kochansky-building-the-operating,wallstreetfintech.substack.com,agent9
https://website.rbi.org.in/web/rbi/-/notifications/draft-reserve-bank-of-india-lending-against-gold-collateral-directions-2025,website.rbi.org.in,agent8
https://www.accordfintech.com/ace-equity-nxt,accordfintech.com,agent1
https://www.acies.consulting/keplerifrs9.html,acies.consulting,agent2
https://www.advent.com/resources/all-resources/brief-advent-portfolio-exchange/,advent.com,agent1
https://www.alphavantage.co/documentation/,alphavantage.co,agent6
https://www.alternativeswatch.com/2025/12/15/arcesium-aquata-launch-new-ai-features/,alternativeswatch.com,agent1
https://www.amfiindia.com/net-asset-value/nav-download,amfiindia.com,agent6
https://www.amfiindia.com/spages/NAVAll.txt,amfiindia.com,agent6
https://www.apmiindia.org/storagebox/images/Circulars/Performance-Benchmarking-16th-Dec,apmiindia.org,agent8
https://www.aqr.com/Insights/Datasets,aqr.com,agent6
https://www.arcesium.com/press-release/arcesium-launches-aquata-an-advanced-data-platform-purpose-built-for-the-investments-industry,arcesium.com,agent1
https://www.argus-p.com/updates/updates/rbi-issues-clarifications-on-prudential-norms-on-income-recognition-asset-classification-and-provisioning-pertaining-to-advances/,argus-p.com,agent8
https://www.aryza.com/news/advancing-ifrs9/,aryza.com,agent2
https://www.asiaasset.com/private-markets/blackrock-completes-3-2-billion-buy-of-data-provider-preqin/,asiaasset.com,agent3
https://www.axis.bank.in/docs/default-source/default-document-library/rbi-instructions-on-prudential-norms-on-income-recognition-asset-classification-and-provisioning.pdf?sfvrsn=4f3762fe_1,axis.bank.in,agent8
https://www.azbpartners.com/bank/master-directions-on-fraud-risk-management-in-banks-and-nbfcs/,azbpartners.com,agent8
https://www.azbpartners.com/bank/overhaul-of-the-regulatory-framework-for-investment-advisers-and-research-analysts/,azbpartners.com,agent8
https://www.azbpartners.com/bank/rbi-commercial-banks-asset-classification-provisioning-and-income-recognition-directions-2026-5/,azbpartners.com,agent8
https://www.bankingfinance.in/rbi-finalises-expected-credit-loss-norms-rollout-set-for-april-2027.html,bankingfinance.in,agent2
https://www.bankofgreece.gr/MediaAttachments/Vasicek.pdf,bankofgreece.gr,agent5
https://www.bdo.in/getmedia/00bdaa48-d483-4c18-b2df-288434bedd26/Expected-Credit-Losses-Simplified-A-BDO-India-Publication-2017.pdf.aspx?ext=.pdf&disposition=attachment,bdo.in,agent9
https://www.bdo.in/getmedia/f9e47607-d6da-49ae-b778-25df3a8ec4ad/The-Standard-Stance_BDO-India_Vol-13.pdf,bdo.in,agent9
https://www.biia.com/moodys-analytics-launches-the-creditlens-platform/,biia.com,agent2
https://www.bis.org/basel_framework/chapter/CRE/31.htm,bis.org,agent8
https://www.bis.org/bcbs/events/crcp05cespedes.pdf,bis.org,agent5
https://www.bis.org/bcbs/irbriskweight.pdf,bis.org,agent5
https://www.bis.org/bcbs/publ/d350.htm,bis.org,agent5
https://www.bis.org/bcbs/publ/d424.htm,bis.org,agent8
https://www.bis.org/bcbs/publ/d450.htm,bis.org,agent5;agent8
https://www.bis.org/bcbs/publ/d457.htm,bis.org,agent8
https://www.bis.org/bcbs/publ/d457.pdf,bis.org,agent5
https://www.bis.org/publ/bcbs128.htm,bis.org,agent8
https://www.bis.org/publ/bcbs283.htm,bis.org,agent8
https://www.bis.org/publ/bcbs_wp15.pdf,bis.org,agent5
https://www.bis.org/publ/bcbsc223.pdf,bis.org,agent7
https://www.bis.org/publ/qtrpdf/r_qt1703f.htm,bis.org,agent5
https://www.blackrock.com/aladdin/about-us/newsroom,blackrock.com,agent3
https://www.blackrock.com/aladdin/benefits/risk-managers,blackrock.com,agent1
https://www.blackrock.com/aladdin/discover/blog/automate-risk-management-workflows,blackrock.com,agent1
https://www.blackrock.com/aladdin/platforms/products/aladdin-climate,blackrock.com,agent1
https://www.blackrock.com/aladdin/platforms/products/aladdin-risk,blackrock.com,agent1
https://www.blackrock.com/aladdin/products/aladdin-wealth/insights/making-of-a-market-driven-scenario,blackrock.com,agent3
https://www.bloomberg.com/company/?p=10829,bloomberg.com,agent9
https://www.bloomberg.com/company/press/bloomberg-advances-portfolio-analytics-with-launch-of-ai-portfolio-commentary-in-port-enterprise,bloomberg.com,agent1
https://www.bogleheads.org/forum/viewtopic.php?t=469099,bogleheads.org,agent1
https://www.bondora.com/en/public-reports,bondora.com,agent6
https://www.bseindia.com/markets/equity/eqreports/equitydebcopy.aspx,bseindia.com,agent6
https://www.bundesbank.de/en/publications/research/discussion-papers/a-macroeconomic-reverse-stress-test-703956,bundesbank.de,agent5
https://www.business-standard.com/amp/article/markets/sebi-asks-debt-mfs-to-do-a-second-risk-assessment-label-for-investors-121060701135_1.html,business-standard.com,agent8
https://www.business-standard.com/amp/finance/news/draft-ecl-framework-banks-plan-to-move-rbi-for-lower-stage-ii-floor-125111101999_1.html,business-standard.com,agent8
https://www.business-standard.com/amp/finance/news/rbi-announces-draft-norms-for-transition-to-expected-credit-loss-framework-125100701326_1.html,business-standard.com,agent8
https://www.business-standard.com/amp/industry/banking/rbi-asks-lenders-to-tighten-monitoring-of-gold-loan-portfolios-125052901875_1.html,business-standard.com,agent2
https://www.business-standard.com/amp/markets/mutual-fund/mfs-told-to-disclose-stress-test-reports-of-midcap-smallcap-schemes-124022901229_1.html,business-standard.com,agent8
https://www.business-standard.com/amp/markets/news/stress-disclosures-on-small-mid-cap-funds-by-amcs-from-march-report-124031000372_1.html,business-standard.com,agent8
https://www.business-standard.com/article/finance/rbi-caps-lending-limits-of-nbfcs-to-bring-them-on-a-par-with-those-of-banks-122041901223_1.html,business-standard.com,agent8
https://www.business-standard.com/article/finance/rbi-issues-prompt-corrective-action-framework-for-nbfcs-121121400825_1.html,business-standard.com,agent8
https://www.business-standard.com/article/markets/decoding-risk-o-meter-3-0-and-its-use-as-an-investment-tool-in-the-mf-space-120100601112_1.html,business-standard.com,agent8
https://www.business-standard.com/article/markets/sebi-issues-performance-benchmarking-guidelines-for-portfolio-managers-122121600879_1.html,business-standard.com,agent8
https://www.business-standard.com/economy/news/rbi-to-raise-gold-lending-ltv-to-85-for-loans-under-rs-2-5-lakh-malhotra-125060600690_1.html,business-standard.com,agent8
https://www.business-standard.com/finance/personal-finance/overlapping-mutual-funds-reduce-your-returns-here-is-how-to-fix-risk-125041500475_1.html,business-standard.com,agent9
https://www.business-standard.com/markets/capital-market-news/rbi-releases-draft-directions-on-lending-against-gold-collateral-125040901089_1.html,business-standard.com,agent8
https://www.business-standard.com/markets/capital-market-news/saarathi-finance-selects-nucleus-software-s-finnone-neo-for-transforming-its-lending-platform-125081900209_1.html,business-standard.com,agent2
https://www.business-standard.com/markets/capital-market-news/sebi-proposes-credit-risk-o-meter-for-debt-securities-to-make-credit-risk-easier-to-assess-126081500533_1.html,business-standard.com,agent8
https://www.businesstoday.in/personal-finance/news/story/mutual-funds-market-regulator-sebi-to-release-stress-test-findings-on-small-cap-funds-442849-2024-08-24,businesstoday.in,agent8
https://www.businesswire.com/news/home/20200824005363/en/Moodys-Analytics-Strengthens-CreditEdge-and-RiskCalc-Platforms-with-AI-Powered-Features,businesswire.com,agent2
https://www.businesswire.com/news/home/20210222005526/en/BlackRock-to-Launch-the-Aladdin-Data-Cloud-Powered-by-Snowflake,businesswire.com,agent3
https://www.businesswire.com/news/home/20260617631534/en/Clearwater-Analytics-Launches-Fund-Analytics-Bringing-Verified-Intelligence-to-Private-Markets,businesswire.com,agent1
https://www.capterra.com/p/13760/SimCorp-Dimension/,capterra.com,agent1
https://www.capterra.com/p/275617/Addepar/,capterra.com,agent1
https://www.ccilindia.com/,ccilindia.com,agent6
https://www.ceicdata.com/en,ceicdata.com,agent6
https://www.centralbanking.com/awards/7941401/risk-management-technology-blackrocks-aladdin-risk,centralbanking.com,agent1
https://www.cfo.com/ma/2019/03/blackrock-to-buy-efront-for-1-3-billion/,cfo.com,agent3
https://www.citisoft.com/insights/blog/solutions-market-perspective-series-sudhir-nair-blackrock,citisoft.com,agent3
https://www.corplawupdates.in/updates/sebi-credit-risk-o-meter-debt-securities-2026,corplawupdates.in,agent8
https://www.crd.com/wp-content/uploads/2023/03/FactSet-CRD-Integration-Datasheet.pdf,crd.com,agent1
https://www.crd.com/wp-content/uploads/2023/04/CRD_As-Of-Compliance.pdf,crd.com,agent1
https://www.crd.com/wp-content/uploads/2024/09/CRD-MSCI_Datasheet.pdf,crd.com,agent1
https://www.crd.com/wp-content/uploads/2025/12/CRD_Charles-River-PM.pdf,crd.com,agent1
https://www.crd.com/wp-content/uploads/2026/01/CRD_Charles-River-IMS.pdf,crd.com,agent1
https://www.crif.ae/solutions/ifrs9/,crif.ae,agent2
https://www.crifhighmark.com/knowledge-centre/microlend,crifhighmark.com,agent6
https://www.crisil.com/content/crisilcom/en/home/our-businesses/global-research-and-risk-solutions/our-offerings/quantitative-services/current-expected-credit-loss/case-studies/credit-risk-model-upgrades-for-IFRS-9-compliance.html,crisil.com,agent2
https://www.crisil.com/en/home/events/crisil-webinar/risk-solutions/ind-as-109-provision-pain-ahead-for-lenders.html,crisil.com,agent2
https://www.crisil.com/en/home/our-businesses/crisil-intelligence/india-research/capital-market/mutual-fund-research.html,crisil.com,agent1
https://www.crisil.com/en/home/our-businesses/global-research-and-risk-solutions/our-offerings/quantitative-services/portfolio-risk-management.html,crisil.com,agent1
https://www.crisilratings.com/,crisilratings.com,agent6
https://www.crisilratings.com/en/home/newsroom/press-releases/2026/06/gold-loan-lenders-ringfenced-well-from-price-correction-risk.html,crisilratings.com,agent2
https://www.data.gov.in/,data.gov.in,agent6
https://www.deutsche-boerse.com/dbg-en/media/news-stories/press-releases/DEUTSCHE-B-RSE-AG-ANNOUNCES-RECOMMENDED-ALL-CASH-TAKEOVER-OFFER-FOR-SIMCORP-A-S-INTENDS-TO-COMBINE-QONTIGO-AND-ISS-AND-CREATE-NEW-INVESTMENT-MANAGEMENT-SOLUTIONS-SEGMENT-3516210,deutsche-boerse.com,agent1
https://www.dofin.ase.ro/acodirlasu/lect/riskmgdofin/rrmfinal.pdf,dofin.ase.ro,agent5
https://www.economist.com/finance-and-economics/2013/12/07/the-monolith-and-the-markets,economist.com,agent3
https://www.eesel.ai/blog/hugging-face-pricing,eesel.ai,agent7
https://www.efinancialcareers.com/news/2017/03/secdb-quartz-athena-analytics,efinancialcareers.com,agent7
https://www.efinancialcareers.com/news/2021/02/jpmorgan-still-has-its-python-2-issue,efinancialcareers.com,agent7
https://www.efront.com/en/alternative-investment-software/efront-copilot,efront.com,agent3
https://www.enfusion.com/for-hedge-funds/,enfusion.com,agent1
https://www.equifax.co.in/business/all-products/,equifax.co.in,agent2
https://www.experian.co.uk/business/platforms/powercurve,experian.co.uk,agent2
https://www.experian.co.uk/business/platforms/powercurve/collections,experian.co.uk,agent2
https://www.experianplc.com/newsroom/press-releases/2012/08-05-2012,experianplc.com,agent2
https://www.ey.com/en_in/insights/strategy-transactions/rbi-gold-loan-guidelines-2025-impact-assessment-and-key-changes,ey.com,agent8
https://www.factset.com/solutions/portfolio-analytics,factset.com,agent1
https://www.factset.com/solutions/portfolio-analytics/risk-analytics,factset.com,agent1
https://www.fasb.org,fasb.org,agent8
https://www.fbil.org.in/,fbil.org.in,agent6
https://www.fdic.gov/analysis/cfr/working-papers/2018/cfr-wp2018-03.pdf,fdic.gov,agent5
https://www.federalreserve.gov/pubs/feds/1998/199847/199847pap.pdf,federalreserve.gov,agent5
https://www.fico.com/en/industries/banking,fico.com,agent2
https://www.fico.com/en/newsroom/global-fico-score-set-new-credit-risk-scoring-standard-india,fico.com,agent2
https://www.fimmda.org/,fimmda.org,agent6
https://www.finastra.com/news-events/press-releases/finca-impact-finance-goes-live-finastra-meet-regulatory-standards,finastra.com,agent2
https://www.finastra.com/sites/default/files/file/2022-12/resource-finastra-arc-comprehensive-and-open-banking-book-risk-and-regulatory-compliance.pdf,finastra.com,agent2
https://www.finastra.com/solutions/arc,finastra.com,agent2
https://www.findmymoat.com/tools/portfolio-visualizer,findmymoat.com,agent1
https://www.frbsf.org/wp-content/uploads/wpjl99-06.pdf,frbsf.org,agent5
https://www.freddiemac.com/research/datasets/sf-loanlevel-dataset,freddiemac.com,agent6
https://www.fundsageai.com/blog/best-mutual-fund-portfolio-analyzer-india-2026,fundsageai.com,agent9
https://www.getbhavcopy.com/,getbhavcopy.com,agent6
https://www.getorchestra.io/blog/dagster-vs-prefect-vs-airflow-complete-data-orchestration-comparison-2026,getorchestra.io,agent7
https://www.globaltrading.net/deutsche-borse-to-offer-alternative-to-blackrocks-aladdin/,globaltrading.net,agent9
https://www.gold.org/goldhub/data/gold-prices,gold.org,agent6
https://www.goodreads.com/author_blog_posts/25179967-update-mutual-fund-portfolio-overlap-tool-with-sebi-classified-stock-se?tab=book,goodreads.com,agent9
https://www.icai.org,icai.org,agent8
https://www.icra.in/Rating/DownloadResearchSpecialCommentReport?id=6908,icra.in,agent2
https://www.icra.in/Research/ViewResearchReport/impact-of-rbi-s-proposed-ecl-framework-on-banks-capitalisation-profile-likely-to-be-moderate/6587,icra.in,agent8
https://www.icraanalytics.com/mutual-fund-solutions,icraanalytics.com,agent1
https://www.icraanalytics.com/risk-management-offerings-solutions/solutions-and-tools/expected-credit-loss,icraanalytics.com,agent2
https://www.idfy.com/blog/credit-risk-management-for-nbfcs-and-digital-lenders-in-india--a-complete-guide-2026/,idfy.com,agent2
https://www.ifrs.org/issued-standards/list-of-standards/ifrs-9-financial-instruments/,ifrs.org,agent8
https://www.iifl.com/blogs/gold-loan/rbi-final-gold-loan-ltv-norms-april-2026-impact,iifl.com,agent2
https://www.iifl.com/blogs/gold-loan/rbi-gold-and-silver-lending-directions,iifl.com,agent8
https://www.imf.org,imf.org,agent5
https://www.imf.org/external/np/pp/eng/2012/082212.pdf,imf.org,agent5
https://www.imf.org/external/pubs/ft/wp/2014/wp14103.pdf,imf.org,agent5
https://www.imf.org/external/pubs/ft/wp/2016/wp16158.pdf,imf.org,agent5
https://www.indmoney.com/blog/us-stocks/tracking-us-stocks-from-india-just-got-smarter-with-indmoney-analytics,indmoney.com,agent1
https://www.indmoney.com/features/mutual-fund-portfolio-scan,indmoney.com,agent1
https://www.infoq.com/presentations/portfolio-analysis-scale/,infoq.com,agent9
https://www.invescomutualfund.com/docs/default-source/default-document-library/classification-of-debt-schemes-in-terms-of-potential-risk-class-matrix,invescomutualfund.com,agent8
https://www.jmfinancialservices.in/blogs-and-articles/rbi-unveils-final-ecl-framework-for-banks,jmfinancialservices.in,agent2;agent8
https://www.kaggle.com/c/GiveMeSomeCredit,kaggle.com,agent6
https://www.kaggle.com/c/home-credit-default-risk,kaggle.com,agent6
https://www.kaggle.com/datasets,kaggle.com,agent6
https://www.kaggle.com/datasets/wordsforthewise/lending-club,kaggle.com,agent6
https://www.kaleidofin.com/lending-as-a-service,kaleidofin.com,agent2
https://www.kotakneo.com/news/market-news/gold-loan-nbfcs-risk-fitch-15-percent-price-drop/,kotakneo.com,agent2
https://www.lbma.org.uk/prices-and-data/precious-metal-prices,lbma.org.uk,agent6
https://www.lexibox.in/pms/master-circular/,lexibox.in,agent8
https://www.lexology.com/library/detail.aspx?g=666c5c80-23cb-4217-a261-ac19257cd5b2,lexology.com,agent8
https://www.limina.com/advent,limina.com,agent1
https://www.limina.com/blackrock-aladdin,limina.com,agent1
https://www.limina.com/blackrock-aladdin-vs-simcorp,limina.com,agent9
https://www.limina.com/enfusion,limina.com,agent1
https://www.man.com/news-centre/man-group-brings-powerful-dataframe-database-product-arcticdb-to-market-with-bloomberg,man.com,agent7
https://www.mca.gov.in,mca.gov.in,agent8
https://www.mcxindia.com/market-data/bhavcopy,mcxindia.com,agent6
https://www.mfapi.in/,mfapi.in,agent6
https://www.mfapi.in/docs/,mfapi.in,agent6
https://www.microsoft.com/en-us/microsoft-cloud/blog/financial-services/2024/09/30/elevating-investment-management-tech-ai-powered-leadership-from-blackrock-and-microsoft/,microsoft.com,agent3
https://www.mondaq.com/india/fin-tech/1347832/guidelines-on-default-loss-guarantee-in-digital-lending,mondaq.com,agent8
https://www.moodys.com/,moodys.com,agent6
https://www.moodys.com/sites/products/ProductAttachments/CreditEdge_brochure.pdf,moodys.com,agent2
https://www.moodys.com/sites/products/ProductAttachments/MA_RiskCalc_FactSheet.pdf,moodys.com,agent2
https://www.moodys.com/sites/products/ProductAttachments/RiskCalc%20Version%201.0%20North%20America.pdf,moodys.com,agent2
https://www.moodys.com/web/en/us/about-us/innovation-technology/saas.html,moodys.com,agent2
https://www.moodys.com/web/en/us/insights/banking/ifrs-9-impairment-regulations.html,moodys.com,agent2
https://www.moodys.com/web/en/us/insights/credit-risk/advances-in-default-detection-and-early-warning.html,moodys.com,agent2
https://www.moodysanalytics.com/microsites/the-creditlens-solution/resources/credit-management-articles,moodysanalytics.com,agent2
https://www.morningstar.in/posts/64689/get-instant-x-ray-fund-holdings.aspx,morningstar.in,agent1
https://www.mphasis.com/home/industries/banking-capitalmarkets/corporate-banking.html,mphasis.com,agent2
https://www.msci.com/data-and-analytics/portfolio-management/barra-one,msci.com,agent1
https://www.msci.com/data-and-analytics/portfolio-management/barra-portfolio-manager,msci.com,agent1
https://www.msci.com/data-and-analytics/risk-management-solutions/riskmetrics-riskmanager,msci.com,agent1
https://www.msci.com/documents/10199/248121/RiskMetrics_Risk_Reporting_for_Individual_Investor_Portfolios.pdf,msci.com,agent1
https://www.msci.com/documents/10199/5915b101-4206-4ba0-aee2-3449d5c7e95a,msci.com,agent5
https://www.msci.com/documents/10199/93396227-d449-4229-9143-24a94dab122f,msci.com,agent5
https://www.msci.com/documents/1296102/8335426/MSCI+MAC+Performance+Attribution+Factsheet.pdf,msci.com,agent1
https://www.msci.com/downloads/web/msci-com/our-solutions-/analytics/managed-solutions/RiskMetrics_RiskManager.pdf,msci.com,agent1
https://www.msci.com/resources/research/technical_documentation/RMGuide.pdf,msci.com,agent1
https://www.murex.com/en/insights/article/banorte-completes-strategic-frtb-project-murex-mx3-platform,murex.com,agent1
https://www.murex.com/en/insights/brochure/mx3-enterprise-risk-and-regulatory-suite,murex.com,agent1
https://www.murex.com/en/solutions/business-solutions/enterprise-risk-management,murex.com,agent1
https://www.nbb.be/doc/ts/publications/wp/wp105en.pdf,nbb.be,agent5
https://www.niftyindices.com/reports/historical-data,niftyindices.com,agent6
https://www.nseindia.com/all-reports/,nseindia.com,agent6
https://www.nseindia.com/market-data/debt-market-reports,nseindia.com,agent6
https://www.nseindia.com/static/nse-terms-of-use,nseindia.com,agent6
https://www.nucleussoftware.com/finnone-neo/,nucleussoftware.com,agent2
https://www.nucleussoftware.com/finnone-neo/collections/,nucleussoftware.com,agent2
https://www.nucleussoftware.com/wp-content/uploads/2023/12/FinnOne_Neo_for_-NBFC.pdf,nucleussoftware.com,agent2
https://www.openassetpricing.com/,openassetpricing.com,agent6
https://www.oquilia.com/news/sebi-small-cap-mutual-fund-stress-testing-2026,oquilia.com,agent8
https://www.oracle.com/a/ocom/docs/industries/financial-services/fs-stress-testing-scenario-analysis-ds.pdf,oracle.com,agent2
https://www.oracle.com/a/ocom/docs/industries/financial-services/ofs-credit-risk-management-ds.pdf,oracle.com,agent2
https://www.oracle.com/a/ocom/docs/industries/financial-services/ofs-loan-loss-forecasting-ds.pdf,oracle.com,agent2
https://www.ortecfinance.com/en/insights/product/opal-wealth,ortecfinance.com,agent1
https://www.pm-research.com/content/iijpormgmt/36/4/60,pm-research.com,agent5
https://www.preqin.com/about/press-release/blackrock-to-acquire-preqin-leading-private-markets-data-solutions-provider,preqin.com,agent3
https://www.prnewswire.com/news-releases/ssc-announces-1h2023-ssc-advent-product-updates-301831875.html,prnewswire.com,agent1
https://www.prosper.com/,prosper.com,agent6
https://www.pwc.in/assets/pdfs/services/ifrs/ind-as-roadmap-bank-and-insurance-2016.pdf,pwc.in,agent8
https://www.pyquantnews.com/free-python-resources/calculate-value-risk-python-three-methods,pyquantnews.com,agent9
https://www.quantifisolutions.com/counterparty-risk/,quantifisolutions.com,agent2
https://www.quantifisolutions.com/xva/,quantifisolutions.com,agent2
https://www.rbi.org.in,rbi.org.in,agent5
https://www.rbi.org.in/Scripts/AnnualPublications.aspx?head=Trend%20and%20Progress%20of%20Banking%20in%20India,rbi.org.in,agent6
https://www.rbi.org.in/Scripts/BS_ViewMasDirections.aspx?id=12179,rbi.org.in,agent8
https://www.rbi.org.in/Scripts/FsReports.aspx,rbi.org.in,agent6
https://www.rbi.org.in/Scripts/NotificationUser.aspx?Id=12208&Mode=0,rbi.org.in,agent8
https://www.rbi.org.in/commonman/Upload/English/FAQs/PDFs/ALLNBFC23042025.pdf,rbi.org.in,agent8
https://www.rbi.org.in/scripts/NotificationUser.aspx?Id=12179&Mode=0,rbi.org.in,agent8
https://www.rbi.org.in/scripts/ReferenceRateArchive.aspx,rbi.org.in,agent6
https://www.rbi.org.in/scripts/bs_viewcontent.aspx?Id=4633,rbi.org.in,agent8
https://www.redvisiontechnologies.com/wealth-elite.php,redvisiontechnologies.com,agent1
https://www.researchgate.net/profile/Kenneth-Froot/publication/255967467_BlackRock_Solutions/links/648f4e6b95bbbe0c6ed0611a/BlackRock-Solutions.pdf,researchgate.net,agent3
https://www.researchgate.net/publication/228232370_A_Bayesian_Approach_to_Stress_Testing_and_Scenario_Analysis,researchgate.net,agent5
https://www.researchgate.net/publication/233706892,researchgate.net,agent5
https://www.researchgate.net/publication/23695464_Honey_I_Shrunk_the_Sample_Covariance_Matrix,researchgate.net,agent5
https://www.researchgate.net/publication/275031591,researchgate.net,agent5
https://www.researchgate.net/publication/284700625_Unsystematic_credit_risk,researchgate.net,agent5
https://www.rfp.wiki/financial-services-banking-fintech/consumer-credit-reporting-agencies-credit-bureaus/transunion-cibil,rfp.wiki,agent2
https://www.risk.net,risk.net,agent5
https://www.risk.net/awards/6756371/risk-technology-awards-2019-moodys-analytics,risk.net,agent2
https://www.risk.net/awards/7954555/ifrs-9-solution-of-the-year-moodys-analytics,risk.net,agent2
https://www.risk.net/awards/7962575/buy-side-alm-product-of-the-year-ortec-finance,risk.net,agent1
https://www.rsm.global/india/sites/default/files/media/thumbnails/1-0CT-25/RSM%20India%20Whitepaper%20-%20NBFCs%20-%20Financial%20Reporting%20-%20Key%20Considerations%207.pdf,rsm.global,agent9
https://www.saaspricepulse.com/tools/railway,saaspricepulse.com,agent7
https://www.saasworthy.com/product/sharesight/pricing,saasworthy.com,agent1
https://www.sas.com/content/dam/SAS/documents/product-collateral/product-brief/en/sas-solution-for-ifrs9-108636.pdf,sas.com,agent2
https://www.sas.com/en_ae/software/solution-for-ifrs-9.html,sas.com,agent2
https://www.sas.com/en_in/customers/standard-chartered-bank.html,sas.com,agent2
https://www.sas.com/en_in/solutions/risk-management/solution/expected-credit-loss.html,sas.com,agent2
https://www.sas.com/en_us/news/press-releases/2025/november/climate-stress-testing-report.html,sas.com,agent2
https://www.sas.com/en_us/software/allowance-for-credit-loss.html,sas.com,agent2
https://www.sas.com/en_us/software/solution-for-stress-testing.html,sas.com,agent2
https://www.sas.com/en_us/solutions/risk-management/solution/expected-credit-loss.html,sas.com,agent2
https://www.sas.com/en_us/solutions/risk-management/solution/stress-testing.html,sas.com,agent2
https://www.scconline.com/blog/post/2024/07/17/rbi-revises-master-directions-on-fraud-risk-management-in-regulated-entities-legal-news/,scconline.com,agent8
https://www.sciencedirect.com/science/article/pii/S0016718519302520,sciencedirect.com,agent3
https://www.sciencedirect.com/science/article/pii/S0377221716001004,sciencedirect.com,agent5
https://www.screener.in/features/,screener.in,agent1
https://www.sebi.gov.in/legal/master-circulars/mar-2026/master-circular-for-mutual-funds_100208.html,sebi.gov.in,agent11_crosscheck
https://www.sebi.gov.in/sebi_data/attachdocs/1424862077270.pdf,sebi.gov.in,agent8
https://www.sebi.gov.in/sebi_data/attachdocs/nov-2025/1763372767700.pdf,sebi.gov.in,agent8
https://www.sebi.gov.in/sebi_data/meetingfiles/oct-2024/1728550911419_1.pdf,sebi.gov.in,agent8
https://www.sebi.gov.in/statistics.html,sebi.gov.in,agent6
https://www.sec.gov/Archives/edgar/data/1364742/000095017023004343/blk-20221231.htm,sec.gov,agent9
https://www.sec.gov/Archives/edgar/data/1364742/000119312519083451/d686182dex991.htm,sec.gov,agent3
https://www.sec.gov/Archives/edgar/data/1866368/000162828025021130/cwan-20241231x10k.pdf,sec.gov,agent1
https://www.sec.gov/Archives/edgar/data/2012383/000119312525073384/d865271dars.pdf,sec.gov,agent3
https://www.sec.gov/Archives/edgar/data/2012383/000119312526071966/blk-20251231.htm,sec.gov,agent3
https://www.sec.gov/edgar/sec-api-documentation,sec.gov,agent6
https://www.semanticscholar.org/paper/58444c142b6ea5c71a435cac7a0b4c66d6c68869,semanticscholar.org,agent5
https://www.simcorp.com/about-us/news/2024/SimCorp-launches-Axioma-fund-allocation-risk-models,simcorp.com,agent1
https://www.simcorp.com/about-us/news/2025/simcorp-launches-improved-axioma-worldwide-equity-factor-risk-model,simcorp.com,agent1
https://www.simcorp.com/about-us/news/2026/simcorp-launches-risk-model-to-support-short-horizon-trading,simcorp.com,agent1
https://www.simcorp.com/solutions/simcorp-one/risk-and-performance,simcorp.com,agent1
https://www.simcorp.com/solutions/strategic-solutions/axioma-solutions/axioma-portfolio-optimizer/axioma-portfolio-analytics,simcorp.com,agent1
https://www.smallcase.com/learn/how-does-smallcase-subscription-work/,smallcase.com,agent1
https://www.smallcase.com/learn/smallcase-fees-and-charges/,smallcase.com,agent1
https://www.snowflake.com/en/blog/blackrock-and-snowflake-partner-to-unlock-the-value-of-data-for-the-investment-management-industry/,snowflake.com,agent3
https://www.spglobal.com/content/dam/spglobal/mi/en/documents/general/ineeddata-Credit-Analytics-Product-Brochure.pdf,spglobal.com,agent2
https://www.spglobal.com/market-intelligence/en/news-insights/research/2026/03/pricing-risk-in-unrated-companies,spglobal.com,agent2
https://www.spglobal.com/market-intelligence/en/solutions/credit-risk-solutions,spglobal.com,agent2
https://www.spglobal.com/market-intelligence/en/solutions/ifrs-9-solutions,spglobal.com,agent2
https://www.spglobal.com/ratings/en/research-insights/special-reports/default-transition-and-recovery,spglobal.com,agent6
https://www.ssrn.com/abstract=278438,ssrn.com,agent5
https://www.strike.money/reviews/screener-in,strike.money,agent1
https://www.strike.money/reviews/sensibull,strike.money,agent1
https://www.tcs.com/content/dam/global-tcs/en/pdfs/insights/whitepapers/deploying-efficient-expected-credit-loss-provisioning-system.pdf,tcs.com,agent2
https://www.teamleaseregtech.com/updates/article/13716/sebi-has-issued-a-circular-for-the-potential-risk-class-matrix-for-deb/,teamleaseregtech.com,agent8
https://www.techrepublic.com/article/jpmorgans-athena-has-35-million-lines-of-python-code-and-wont-be-updated-to-python-3-in-time/,techrepublic.com,agent7
https://www.thestack.technology/blackrock-aladdin-azure-migration-earnings-call/,thestack.technology,agent3
https://www.thetradenews.com/aladdin-efront-takeover-drives-30-surge-blackrock-technology-revenues/,thetradenews.com,agent3
https://www.thewealthmosaic.com/vendors/ortec-finance/opal/,thewealthmosaic.com,agent1
https://www.tickertape.in/pricing,tickertape.in,agent1
https://www.tigzig.com/apis/mf-nav,tigzig.com,agent6
https://www.tiingo.com/about/pricing,tiingo.com,agent6
https://www.top1000funds.com/wp-content/uploads/2011/09/USE4_Methodology_Notes_August_2011.pdf,top1000funds.com,agent1;agent5
https://www.transunioncibil.com/product/cibil-commercial-report,transunioncibil.com,agent2
https://www.transunioncibil.com/product/cibil-score,transunioncibil.com,agent2
https://www.transunioncibil.com/resources/msme-pulse,transunioncibil.com,agent6
https://www.tribuneindia.com/news/business/acies-techworks-kepler-wins-the-2025-ifrs-9-solution-of-the-year,tribuneindia.com,agent2
https://www.valueresearchonline.com/methodologies/,valueresearchonline.com,agent1
https://www.valueresearchonline.com/premium/subscribe/,valueresearchonline.com,agent1
https://www.valueresearchonline.com/stories/48592/sebi-rejigs-the-risk-o-meter/,valueresearchonline.com,agent8
https://www.valueresearchonline.com/stories/48907/decoding-the-new-riskometer/,valueresearchonline.com,agent8
https://www.vendr.com/marketplace/moodys,vendr.com,agent2
https://www.waterstechnology.com/awards-rankings/7952605/waters-rankings-2025-best-buy-side-order-management-system-oms-provider%E2%80%94bloomberg,waterstechnology.com,agent1
https://www.waterstechnology.com/trading-tech/7951439/deutsche-borse-to-merge-simcorp-and-axioma-excluding-qontigo,waterstechnology.com,agent1
https://www.waterstechnology.com/trading-tech/7952749/bloomberg-integrates-ai-summaries-into-port,waterstechnology.com,agent1
https://www.wias-berlin.de/people/schoenma/hrs_JOR.pdf,wias-berlin.de,agent5
https://www.wipro.com/applications/ind-as-109-expected-credit-loss-ecl-computation/,wipro.com,agent9
https://www.withorb.com/blog/flyio-pricing,withorb.com,agent7
https://www.wolterskluwer.com/en-gb/solutions/onesumx-for-finance-risk-and-regulatory-reporting/onesumx-credit-risk,wolterskluwer.com,agent2
https://www.wolterskluwer.com/en-sg/solutions/onesumx-for-finance-risk-and-regulatory-reporting/onesumx-ifrs-9,wolterskluwer.com,agent2
https://www.zeebiz.com/personal-finance/banking/news-rbi-faqs-on-default-loss-guarantee-in-digital-lending-frequently-asked-questions-on-dlg-issued-in-june-2023-286835,zeebiz.com,agent8
https://www.zenml.io/blog/orchestration-showdown-dagster-vs-prefect-vs-airflow,zenml.io,agent7
https://www.zenml.io/llmops-database/agentic-ai-architecture-for-investment-management-platform,zenml.io,agent3
https://zenn.dev/hellorusk/articles/fc6d4696f5b269?locale=en,zenn.dev,agent7
https://zerodha.com/products/console,zerodha.com,agent1
https://zerodha.com/z-connect/updates/tax-filing-simplified-with-zerodha-consoles-tax-reports,zerodha.com,agent1
