platform,segment,region,category,key_features,target_users,handles_ecl,stress_testing,pricing,link,verification,source_date,source_file
BlackRock Aladdin (Aladdin Risk),Investment,Global,Enterprise investment OS + risk engine,"Multi-asset risk and return view; positions and exposures; performance and attribution; scenario analysis (""thousands of scenarios daily"", e.g. inflation, oil, EU recession); hundreds of risk metrics; customizable reports; compliance; public + private markets; APIs","Asset managers, asset owners, insurers, banks",,,Not public,https://www.blackrock.com/aladdin/platforms/products/aladdin-risk,S (page fetch blocked),n/v,agent1.md
Aladdin Climate,Investment,Global,Climate-risk analytics module,Climate scenarios and risk analytics,Institutional,,,Not public,https://www.blackrock.com/aladdin/platforms/products/aladdin-climate,S (title only),n/v,agent1.md
MSCI RiskMetrics RiskManager,Investment,Global,Enterprise market-risk system,"VaR (parametric, historical, Monte Carlo); factor risk; stress tests (historical + hypothetical library, user-defined, predictive stress that propagates core-factor shocks); liquidity; counterparty risk","Hedge funds, asset managers, banks, asset owners",,,Not public,https://www.msci.com/data-and-analytics/risk-management-solutions/riskmetrics-riskmanager,S,n/v,agent1.md
MSCI BarraOne,Investment,Global,Multi-asset factor risk + attribution,Barra Integrated Model (59 equity / 48 fixed-income markets per summary); long-horizon factor model; VaR; full-revaluation stress tests; public + private + derivatives; MAC performance attribution,Institutional risk managers and PMs,,,Not public,https://www.msci.com/data-and-analytics/portfolio-management/barra-one,S,n/v,agent1.md
MSCI Barra PortfolioManager,Investment,Global,Equity factor analytics + optimization,Factor-based portfolio construction (title only),Equity PMs,,,Not public,https://www.msci.com/data-and-analytics/portfolio-management/barra-portfolio-manager,S (title only),n/v,agent1.md
Bloomberg PORT / PORT Enterprise,Investment,Global,Terminal-based portfolio + risk analytics,"Historical performance vs benchmark; attribution by sector, region or custom classification; factor risk models; tracking error; VaR; stress tests; intraday monitoring + portfolio news; ESG screen; AI commentary on return drivers (PORT Enterprise)","Terminal users: PMs, risk, analysts",,,Not public (needs Terminal),https://data.bloomberglp.com/professional/sites/4/Portfolio_and_Risk_Analytics_Brochure4.pdf,S,n/v (brochure); AI launch press n/v,agent1.md
Bloomberg AIM,Investment,Global,Buy-side OMS / front-to-back,"IBOR; intraday positions; risk/P&L; what-if analysis and rebalancing; OEMS (30+ venues); coded compliance rules; ~15,000 users / 900+ firms (per summary)","Buy-side PMs, traders, compliance",,,Not public,https://professional.bloomberg.com/solutions/buy-side/trade-execution/,S,WatersTech ranking 2025,agent1.md
FactSet Portfolio Analytics / MAC Risk,Investment,Global,Analytics + multi-asset risk,"Multi-asset risk models; absolute and relative vol; VaR; tail loss; stress tests; factor exposures; risk decomposition; hosts third-party models (Axioma, Barra, Northfield) and custom user models","Asset managers, asset owners",,,Not public,https://www.factset.com/solutions/portfolio-analytics/risk-analytics,S,n/v,agent1.md
SimCorp Axioma (formerly Qontigo's Axioma),Investment,Global,Factor risk models + optimizer + analytics,"Fundamental, statistical and macro factor models; short, medium and ""Trading Horizon"" (Jan 2026) versions; Worldwide Equity model with ML ""non-linear residual factor"" (May 2025); fund-allocation risk models (2024); Portfolio Optimizer; Portfolio Analytics","Quants, hedge funds, asset managers, asset owners",,,Not public,https://www.simcorp.com/solutions/strategic-solutions/axioma-solutions/axioma-portfolio-optimizer/axioma-portfolio-analytics,S,"2024, 2025, 2026 news URLs",agent1.md
SimCorp Dimension / SimCorp One,Investment,Global,Front-to-back IMS,IBOR; PMS/OMS; risk; performance; compliance; accounting; client reporting; multi-asset; Azure cloud,"Large asset managers, pensions, SWFs, insurers",,,Not public (Capterra listing),https://www.simcorp.com/solutions/simcorp-one/risk-and-performance,S / S-3P,n/v,agent1.md
Charles River IMS (State Street Alpha),Investment,Global,Front-office IMS / OMS,"PM, risk analytics, trading, post-trade; centralized compliance (what-if, pre-trade, intra-trade, post-trade, batch); ""As-of"" compliance; plug-ins for MSCI, FactSet and Axioma risk","Asset managers, wealth, insurers",,,Not public,https://www.crd.com/wp-content/uploads/2026/01/CRD_Charles-River-IMS.pdf,S,Jan 2026 (PDF path); MSCI datasheet Sep 2024; FactSet datasheet Mar 2023 ⚠,agent1.md
"SS&C Advent (APX, Geneva)",Investment,Global,Portfolio accounting / PMS,"APX: multi-asset, multi-currency accounting, dashboards, performance, composites, GIPS; Geneva: complex fund structures, derivatives and credit accounting; rebalancing / OMS integrations",RIAs and wealth managers (APX); hedge funds and fund admins (Geneva),,,Not public,https://www.advent.com/resources/all-resources/brief-advent-portfolio-exchange/,S,n/v; product update 1H2023 ⚠ (borderline),agent1.md
Clearwater Analytics (+ Enfusion),Investment,Global,"Cloud investment accounting, reporting, risk","Single-instance multi-tenant SaaS; accounting; reconciliation; regulatory reporting; performance; compliance; risk; Fund Analytics for private markets (Jun 2026); bought Enfusion for $1.5B (closed Apr 2025, per summary)","Insurers, asset managers, corporates, governments",,,Subscription (from 10-K summary); amount not public,https://www.sec.gov/Archives/edgar/data/1866368/000162828025021130/cwan-20241231x10k.pdf,S,FY2024 10-K; Jun 2026 press,agent1.md
Enfusion (now part of Clearwater),Investment,Global,Cloud PMS / OEMS / accounting,Real-time positions and P&L; embedded risk reporting; stress tests and scenarios; OEMS with 200+ brokers,"Hedge funds, alternatives managers",,,Not public,https://www.enfusion.com/for-hedge-funds/,S,n/v,agent1.md
Addepar,Investment,Global,Wealth aggregation + reporting,"Multi-custodian aggregation and reconciliation; alternatives analytics; custom reports; client portals; API; trading, drift monitoring and rebalancing; scenario modeling; $9T+ on platform, 1,400+ firms (Q1 2026, per summary)","Family offices, RIAs, private banks",,,Not public. Third-party estimates: ~$65k/yr (~$220M AUM) to ~$400k/yr (~$4.6B AUM),https://www.capterra.com/p/275617/Addepar/ (3P),S-3P,2026 (review titles),agent1.md
Murex MX.3,Investment,Global,Sell-side trading + enterprise risk,All VaR methods; stress; FRTB SA + IMA; XVA; SA-CCR; credit risk; initial margin; GPU compute; 150+ customers (per summary),"Banks, treasuries",,,Not public,https://www.murex.com/en/solutions/business-solutions/enterprise-risk-management,S,n/v; award pages 2019 ⚠,agent1.md
Arcesium (Aquata),Investment,Global,Investment data platform / ops,"Thousands of pre-built data models and connectors; ingestion, normalization, data quality, lineage, catalog; GenAI extraction from PDFs and emails (Dec 2025)","Hedge funds, private markets, asset managers, admins",,,Not public,https://www.arcesium.com/press-release/arcesium-launches-aquata-an-advanced-data-platform-purpose-built-for-the-investments-industry,S,2023 launch (PRN); Dec 2025 AI,agent1.md
Qontigo (historical),Investment,Global,Index + analytics (now dissolved),Axioma merged into SimCorp; STOXX/DAX moved to ISS STOXX (Deutsche Börse),n/a,,,n/a,https://www.waterstechnology.com/trading-tech/7951439/deutsche-borse-to-merge-simcorp-and-axioma-excluding-qontigo,S,2023 deal ⚠ (borderline),agent1.md
Ortec Finance OPAL,Investment,Global,Scenario-based wealth planning / Private ALM,Economic Scenario Generator (thousands of scenarios; 700+ asset classes; monthly updates); goal-based planning; risk profiling; monitoring; climate scenarios,"Banks, wealth managers, pension providers",,,Not public,https://www.ortecfinance.com/en/insights/product/opal-wealth,S,n/v,agent1.md
Portfolio Visualizer,Investment,Global,Retail/advisor web analytics,Backtesting; Monte Carlo; Fama-French / Carhart factor regression; efficient frontier / optimization; timing models,"DIY investors, advisors",,,"Free (≤15 assets, limited history); Basic ~$30/mo; Pro ~$55/mo, billed annually (3P)",https://www.findmymoat.com/tools/portfolio-visualizer (3P),S-3P,2026 (review title),agent1.md
Kubera,Investment,Global,Net-worth tracker,"20,000+ bank connections; crypto/DeFi; IRR; ""Fast Forward"" projections; document vault; estate ""Life Beat""; nested portfolios","HNW individuals, family offices",,,"~$249/yr Essentials; ~$2,499/yr Black; white-label from ~$299/mo (3P)",https://thecfoclub.com/tools/kubera-software-review/ (3P),S-3P,2026 (review titles),agent1.md
Sharesight,Investment,Global,Portfolio + dividend + tax tracker,Dividend tracking; performance incl. dividends and FX; tax reports; alerts; sharing,"Retail investors, accountants",,,"Free (1 portfolio, 10 holdings); paid ~$7–$23.25/mo (3P, USD)",https://www.saasworthy.com/product/sharesight/pricing (3P),S-3P,Sep 2026 (aggregator),agent1.md
Riskfolio-Lib (OSS reference),Investment,Global,Open-source Python optimization library,"CVXPY-based; 13+ risk measures (CVaR, EVaR, CDaR, Tail Gini, …); risk parity / risk budgeting incl. factor risk parity; HRP","Students, quants (Riskcore can build on it)",,,Free / open source,https://github.com/dcajasn/Riskfolio-Lib,S (GitHub API blocked),docs v7.3,agent1.md
smallcase,Investment,India,Model-portfolio (basket) platform,Thematic baskets of stocks/ETFs; one-click buy through linked broker; rebalance alerts; free and fee-based baskets; Publisher for RAs/RIAs,Indian retail; SEBI RAs/RIAs as managers,,,Manager fee (flat or AUM-based) + transaction/SIP fees; details on smallcase pages,https://www.smallcase.com/learn/smallcase-fees-and-charges/,S,2026 (title),agent1.md
INDmoney,Investment,India,Super-app: invest + track,"Multi-broker sync; MF ""portfolio scan""; US stocks analytics (XIRR, S&P 500 benchmark, INR/USD P&L, sector and market-cap split)",Indian retail,,,App free (revenue from broking/products; not detailed),https://www.indmoney.com/blog/us-stocks/tracking-us-stocks-from-india-just-got-smarter-with-indmoney-analytics,S,n/v,agent1.md
Kuvera,Investment,India,Direct-MF platform + tracker,Commission-free direct MFs; import external holdings; family accounts; XIRR and allocation; LTCG tax-harvesting (₹1.25 lakh exemption); goals,Indian retail,,,Free direct-MF investing,https://kuvera.in/blog/tax-harvesting-in-mutual-funds-how-it-works-and-why-it-matters/,S,n/v,agent1.md
Value Research,Investment,India,MF/stock research + tracker,Free Portfolio Manager; fund ratings (Return Score − Risk Score → stars); Fund Advisor; Stock Advisor,"Indian retail, advisors",,,"Fund Advisor from ₹490/mo or ₹4,900/yr; Stock Advisor ₹9,990+GST/yr",https://www.valueresearchonline.com/premium/subscribe/,S,n/v,agent1.md
Morningstar India – Instant X-Ray,Investment,India,MF portfolio X-ray,≤10 funds; asset allocation; geography; sector vs benchmark; style box; top-10 underlying holdings; holding overlap; PDF export,Indian MF investors,,,Free (but a Bogleheads thread says the US free Instant X-Ray was withdrawn; India status unverified),https://www.morningstar.in/posts/64689/get-instant-x-ray-fund-holdings.aspx,S,"n/v (old article, likely ⚠)",agent1.md
Tickertape (Smallcase group),Investment,India,Screener + portfolio analysis,Stock/MF screeners (60+ filters); linking for 16+ brokers; diversification score; red-flag assets; overlap; forecasts,Indian retail,,,"Pro ₹399/1 mo, ₹899/3 mo, ₹2,999/12 mo",https://www.tickertape.in/pricing,S,n/v,agent1.md
Screener.in,Investment,India,Fundamental screener,"Custom query language; custom ratios usable in screens, columns and peers; ~10 yrs of fundamentals; result alerts; Excel export",Indian fundamental investors,,,"Free; Premium ~₹4,999/yr (3P)",https://www.screener.in/features/,S / S-3P,n/v,agent1.md
Zerodha Console,Investment,India,Broker back-office analytics,"Free; P&L tracked through corporate actions; P&L calendar heatmap; sector breakdown; trade tagging (journal); tax P&L (STCG/LTCG, grandfathering, pre/post 23-Jul-2024 split); tax-loss harvesting report",Zerodha clients,,,Free,https://zerodha.com/products/console,S,≥Jul 2024 (from content),agent1.md
Sensibull,Investment,India,Options analytics,Strategy builder; payoff charts; max profit/loss; breakevens; probability of profit; net Greeks; P&L vs time; margin; virtual trading,Indian F&O traders,,,Free tier; Pro ~₹800/mo (3P); Pro free for Zerodha users (3P),https://sensibull.com/,S / S-3P,2026 (reviews),agent1.md
Investwell Mint,Investment,India,MFD/RIA back-office SaaS,Portfolio review; capital gains; transactions via BSE/NSE/MFU; brokerage reconciliation; CRM; SIP mining; rebalancing; risk profiling,"MF distributors, RIAs",,,"AUM-based, from ₹25,000/yr (≤₹25 Cr AUM); all features in one plan",https://investwellonline.com/pricing/,S,n/v,agent1.md
REDVision Wealth Elite,Investment,India,White-label MFD SaaS,Client onboarding (Video KYC); multi-asset reports; rebalancing; Goal GPS; risk profiling; calculators; P&L and capital-gain reports,MF distributors / IFAs,,,Not public,https://www.redvisiontechnologies.com/wealth-elite.php,S,2026 blog,agent1.md
CRISIL (Intelligence / GR&RS),Investment,India,Ratings-group data + risk services,"Fund Analyser (6,500+ schemes); Bond Valuer (AMC standard); PF Analytics; outsourced portfolio-risk services (attribution, multi-factor risk, VaR, sensitivities)","AMCs, insurers, pension funds, global AMs",,,Not public,https://www.crisil.com/en/home/our-businesses/global-research-and-risk-solutions/our-offerings/quantitative-services/portfolio-risk-management.html,S,n/v,agent1.md
ICRA Analytics (MFI Explorer / MFI360),Investment,India,MF research database,"MFI Explorer (desktop, since 2000; 9 of top 10 AMCs per summary); MFI360 cloud; MF Portfolio Tracker for distributors","AMCs, treasuries, distributors",,,Not public,https://www.icraanalytics.com/mutual-fund-solutions,S,n/v,agent1.md
ACE Equity Nxt (Accord Fintech),Investment,India,Indian corporate financial database,"40,000+ companies; ~1,750 fields; 10 industry formats (incl. banking, NBFC); Excel add-in; query builder; ACE Reports portfolio app","Institutions, researchers, academia",,,Not public,https://www.accordfintech.com/ace-equity-nxt,S,n/v,agent1.md
Capitaline (Capital Market Publishers),Investment,India,Indian corporate financial database,"35,000–55,000+ listed and unlisted companies (figures differ by source); ~740 fields; 9 formats; NAV/MF, TP, commodity, news modules","Institutions, academia",,,"Not public (CFA Society India member-offer PDF exists, 2021 ⚠)",http://software.capitaline.com/aboutus.asp,S,n/v,agent1.md
Moody's CreditLens,Lending/credit,Global,Commercial-lending lifecycle platform,"Origination, spreading, scoring/risk rating, workflow, portfolio monitoring; part of the Moody's Lending Suite","Commercial banks (snippet: ""weighted toward regional and global banks"")",N (ECL sits in ImpairmentCalc / Credit Loss & Impairment suite),N (not in snippets),"Not public. Licensed per module (""optional modules ... additional fee"")",https://www.moodysanalytics.com/microsites/the-creditlens-solution/resources/credit-management-articles,"S + S3 (aloan.ai, AWS blog)",Launched 2017 (biia.com); AWS blog undated,agent2.md
Moody's RiskCalc,Lending/credit,Global,Private-firm PD model,Financial-statement PD for middle-market firms; 10 ratios from 17 inputs; built on the Credit Research Database; 20+ country models,Banks lending to private and SME corporates,Feeds ECL (supplies PD),Y? (BK: has stressed-PD mode),Not public,https://www.moodys.com/sites/products/ProductAttachments/MA_RiskCalc_FactSheet.pdf,S (snippet only),Factsheet undated; North America fact sheet is v1.0 [OLD],agent2.md
Moody's CreditEdge (EDF),Lending/credit,Global,Market-implied PD / EWS,"Daily EDF (PD) for 42k+ public firms, term structure up to 10 years; EDF Early Warning Toolkit; example: Carillion flagged 6 months before default","Banks, investors, corporates",Feeds ECL,Y? (BK),Not public,https://www.moodys.com/web/en/us/insights/credit-risk/advances-in-default-detection-and-early-warning.html,S,Training decks 2019 [OLD]; AI features PR 2020 [OLD],agent2.md
Moody's ImpairmentCalc (+ Credit Loss & Impairment Analysis Suite),Lending/credit,Global,ECL engine,"Takes user asset classes plus PD/LGD/EAD; converts through-the-cycle (TTC) PD or internal ratings to a point-in-time (PIT) PD term structure; probability-weighted multiple scenarios; Stage 1/2/3 staging; produces fair value, gross carrying amount and amortised cost; runs standalone or inside the suite",Banks under IFRS 9 / CECL,Y,Y (scenario-weighted macro),Not public,http://ma.moodys.com/rs/961-KCJ-308/images/SP39812_MA_ImpairmentCalc.pdf,S (snippet only; PDF blocked),"Undated; Risk.net awards 2019 [OLD] and later ""IFRS 9 solution of the year"" (risk.net/awards/7954555, undated)",agent2.md
"S&P Global Credit Analytics (PD Model Market Signals, PD Fundamentals, RiskGauge)",Lending/credit,Global,PD/scoring models + data,"PDMS: 1–5 year PD for public corporates and financial institutions; enhanced Merton model with country and industry factors; 86k+ companies; RiskGauge blends fundamentals and market signals; covers rated and unrated, public and private firms","Banks, asset managers, corporates",Y (separate IFRS 9 impairment solutions page),unverified,Not public,https://www.spglobal.com/market-intelligence/en/solutions/credit-risk-solutions ; https://www.spglobal.com/market-intelligence/en/solutions/ifrs-9-solutions,S,Research piece Mar 2026; brochure undated,agent2.md
SAS Expected Credit Loss / Solution for IFRS 9 / Allowance for Credit Loss,Lending/credit,Global,ECL platform,"Modular calculation and reporting; model templates, workflows, rules and reporting packs; point-and-click interface; governed, automated workflow; in-memory engine; sits on an integrated risk-finance platform (stress, ALM, model risk management)",Banks and lenders under IFRS 9 / CECL; India page exists,Y,Y (integrated),Not public,https://www.sas.com/en_in/solutions/risk-management/solution/expected-credit-loss.html ; https://www.sas.com/en_us/software/allowance-for-credit-loss.html,S,SAS Communities posts 2024,agent2.md
SAS Stress Testing,Lending/credit,Global,Enterprise stress testing,Regulatory and business-as-usual stress tests; scenario repository; credit-portfolio stress models; auditable intermediate results; Basel III/IV reporting (Standard Chartered is a customer),Large banks,Y (links to ECL),Y,Not public,https://www.sas.com/en_us/solutions/risk-management/solution/stress-testing.html,S,SAS Communities 2024–25; climate stress press release Nov 2025,agent2.md
FICO Platform / FICO Scores (India),Lending/credit,Global,Decisioning + scores,"Decision management, segmentation and scorecards, low-latency high-volume decisions; FICO Score for India (built on bureau data); FICO Score X Data India (alternative data, with Lenddo); India customers AU Bank (vehicle loans), Axis Bank (card over-limit)","Large banks, card issuers, auto lenders",N (not in snippets),N (not in snippets),Not public,https://www.fico.com/en/newsroom/global-fico-score-set-new-credit-risk-scoring-standard-india ; https://www.fico.com/en/industries/banking,S,Undated,agent2.md
Experian PowerCurve,Lending/credit,Global,Decisioning / strategy / collections,"Strategy design studio, content gallery, analytical data mart, runtime; Strategy Management covers acquisition, portfolio and debt decisions; PowerCurve Collections with machine learning",Banks and lenders across the lifecycle,N,"N (strategy simulation only, BK)",Not public,https://www.experian.co.uk/business/platforms/powercurve,S,Launch PR 2012 [OLD]; UK page undated,agent2.md
CRIF / CRIF High Mark (India),Lending/credit,India,Bureau + analytics/software,"India bureau; EWS on retail borrowers (IDBI pilot, Dec 2018); CRIF group has an IFRS 9 solution page (UAE site)","Banks, NBFCs, MFIs","Y (CRIF group, UAE page); India unverified",unverified,Not public,https://www.crif.ae/solutions/ifrs9/ ; https://en.wikipedia.org/wiki/CRIF_High_Mark_Credit_Information_Services,S3 (Wikipedia) + S (title only),EWS pilot 2018 [OLD],agent2.md
TransUnion CIBIL,Lending/credit,India,Bureau,"Consumer and commercial reports, CIBIL Score, portfolio re-pulls for monitoring, Detect & Fraud Suite","Banks, NBFCs, HFCs, insurers",N,N,Not public,https://www.transunioncibil.com/product/cibil-commercial-report,S3 (rfp.wiki) + S (product page title),Undated,agent2.md
Equifax India,Lending/credit,India,Bureau + portfolio reviews,"Retail and MFI Portfolio Review (early warning of delinquency); Microfinance Pulse reports (with SIDBI); serves 7,000+ banks and NBFCs","Banks, NBFCs, MFIs",N,N,Not public,https://www.equifax.co.in/business/all-products/,S,"MFI Pulse Vol XXVI, Mar 2026",agent2.md
Oracle OFSAA – LLFP / IFRS 9 Solution Cloud Service,Lending/credit,Global,ECL + finance/risk data platform,"Loan Loss Forecasting & Provisioning upgraded for IFRS 9; cloud service covering classification & measurement, impairment and hedge accounting; SICR-based 12-month vs lifetime ECL; ECL overview and detail reports; regional templates",Large banks,Y,Y (Enterprise Stress Testing & Capital Planning; Stress Testing & Scenario Analytics),Not public,https://docs.oracle.com/en/industries/financial-services/ofs-analytical-applications/ifrs9-solution-cloud/25d/ifrsr/expected-credit-loss-overview-reports.html,S,Docs 24c/25d (2024–25); LLFP 8.0.x guides [OLD],agent2.md
Oracle OFS Credit Risk Management,Lending/credit,Global,Credit risk analytics,"300+ prebuilt reports (credit quality, reserves, delinquency, migration, capital, concentration); counterparty risk; delinquency management",Large banks,Y (integrates),Y,Not public,https://www.oracle.com/a/ocom/docs/industries/financial-services/ofs-credit-risk-management-ds.pdf,S,Undated datasheet,agent2.md
Finastra Fusion Risk (ARC),Lending/credit,Global,Balance-sheet risk + regulatory reporting,"IFRS 9 module (classification, measurement, impairment, hedge accounting); Basel II/III/IV credit RWA; dashboards; customers include FINCA Impact Finance (microfinance)","Banks, MFIs, emerging markets (e.g. Indonesia)",Y,Y? (BK; ALM/stress likely),Not public,https://www.finastra.com/solutions/arc,S,ARC PDF Dec 2022 [OLD],agent2.md
Wolters Kluwer OneSumX IFRS 9 / Credit Risk,Lending/credit,Global,Finance-risk-regulatory platform,Contract-level IFRS subledger; ECL accounting schemes; ECL by individual or collective segments; multi-scenario ECL; uses internal ratings and TTC PD; scenario and stress testing across credit/counterparty parameters (deterministic or stochastic),Banks,Y,Y,Not public,https://www.wolterskluwer.com/en-sg/solutions/onesumx-for-finance-risk-and-regulatory-reporting/onesumx-ifrs-9,S,Undated,agent2.md
Quantifi,Lending/credit,Global,Trading/derivatives risk,"XVA, counterparty exposure (EE, PFE), RWA, limits, market risk; commodity counterparty risk management system (CCRMS)","Banks' trading desks, energy and commodity firms",N (not a loan-book ECL tool),Y (market/counterparty),Not public,https://www.quantifisolutions.com/counterparty-risk/,S,Energy Risk award 2026,agent2.md
Nucleus Software FinnOne Neo,Lending/credit,India,"Lending system (origination, servicing, collections)","Customer acquisition, loan management, collections; credit scoring; analytics; 540+ APIs; ""Lending-in-a-Box"" cloud; NBFC brochure; customers Saarathi Finance, Esskay Fincorp","Banks and NBFCs (retail, MSME, housing, microfinance)",unverified (not a risk/ECL product per snippets),N,Not public,https://www.nucleussoftware.com/finnone-neo/,S,NBFC PDF Dec 2023; Saarathi news Aug 2025,agent2.md
Perfios,Lending/credit,India,Data/underwriting SaaS,"Bank-statement analysis, automated Credit Assessment Memo, monitoring; acquired Clari5 (fraud) Feb 2025; 500+ financial institutions","Banks, NBFCs, fintechs",N,N,Not public,https://perfios.com/credit-monitoring-platform,S,2025,agent2.md
Crediwatch,Lending/credit,India,EWS / portfolio monitoring,"AI/ML continuous monitoring; 200+ configurable alerts; distress signals ""up to 12 months in advance""; listed on Microsoft Marketplace","Banks, NBFCs (incl. housing-finance books needing EWS)",N,N,Not public (Marketplace listing exists),https://about.crediwatch.com/about/product/early-warning-systems,S,Undated,agent2.md
Lentra,Lending/credit,India,Cloud lending platform,"GoNoGo origination, MultiBureau, BREx rule engine; Growth Alliance Program for NBFCs targeting ₹1,000 cr+ AUM; pay-as-you-go","Banks, NBFCs, HFCs",N,N,"""Pay-as-you-go"" (S3); amounts not public",https://lentra.ai/,S + S3,Undated,agent2.md
CredAble,Lending/credit,India,Working-capital / supply-chain-finance platform,"Invoice discounting, receivables/payables finance, configurable underwriting; 35+ banks and NBFCs","Banks, NBFCs, corporates",N,N,Not public,https://credable.in/,S,Undated,agent2.md
Kaleidofin (ki score / ki view),Lending/credit,India,Alternative-data scoring + portfolio view,"ML score (1–100, lower is better); ki view for portfolio monitoring; 35M-customer database; claims ~3% lower 90+ DPD on accepted books; Federal Bank is a partner",Banks and NBFCs with microfinance / informal-sector books,N,N,Not public,https://www.kaleidofin.com/lending-as-a-service,S + S3,Undated,agent2.md
ICRA Analytics ECL 3.0,Lending/credit,India,India ECL tool + managed service,"Segmentation and staging policy; 12-month and lifetime PD; macro forward-looking adjustments with multiple scenarios; LGD; EAD; probability-weighted ECL; Excel-based data input; reporting for management and auditors; quarterly ECL as a service for housing, LAP, vehicle, infrastructure and lease-rental-discounting (LRD) books","NBFCs (snippet: ""trusted by top private and public sector NBFCs"")",Y (Ind AS 109),Y (macro scenarios),Not public,https://www.icraanalytics.com/risk-management-offerings-solutions/solutions-and-tools/expected-credit-loss,S,Undated,agent2.md
CRISIL Risk Solutions (now part of the CRISIL/S&P group),Lending/credit,India,Consulting + models,Ind AS 109 provisioning analysis (webinar); IFRS 9 model upgrade for a global bank,"Banks, NBFCs",Y (services),unverified,Not public,https://www.crisil.com/en/home/events/crisil-webinar/risk-solutions/ind-as-109-provision-pain-ahead-for-lenders.html,S,"Webinar undated (likely 2017–18, [OLD] BK)",agent2.md
Acies TechWorks – Kepler,Lending/credit,India,India-built IFRS 9 / ECL suite,"Risk models, effective interest rate (EIR), ECL, automated model validation, out-of-the-box disclosures, scenario simulation with ""virtually unlimited"" stress scenarios; clients in 20+ countries; Risk.net IFRS 9 Solution of the Year 2025","Banks, NBFCs, insurers, corporates (Kepler for Corporates)",Y,Y,Not public,https://www.acies.consulting/keplerifrs9.html,S,Award Jun 2025,agent2.md
ECL Square,Lending/credit,India,Cloud ECL SaaS for India,Ind AS 109 / IFRS 9 ECL for loan books and trade receivables; SaaS; dedicated NBFC page,"NBFCs, corporates",Y,unverified,Not public (not in snippet),https://eclsquare.com/solutions/for-nbfcs,S (snippet only),Undated,agent2.md
Roopya,Lending/credit,India,"NBFC lending SaaS (LOS, LMS, EWS, collections)",EWS module with behavioural risk scores; ECL explainer page; claims 5–7 day go-live; 300+ APIs,"Small and mid NBFCs, fintechs",unverified (blog page only; no confirmed ECL module),N,"Not public (""free demo"")",https://roopya.money/early-warning-signal/,S,Undated,agent2.md
TCS BaNCS,Lending/credit,India,Core banking,Only found a TCS whitepaper on ECL provisioning systems; no BaNCS ECL module confirmed,Banks,unverified,unverified,Not public,https://www.tcs.com/content/dam/global-tcs/en/pdfs/insights/whitepapers/deploying-efficient-expected-credit-loss-provisioning-system.pdf,S (whitepaper title),Undated,agent2.md
Mphasis,Lending/credit,India,IT services,Builds credit and counterparty risk applications for clients; no product found,Banks,unverified,unverified,n/a,https://www.mphasis.com/home/industries/banking-capitalmarkets/corporate-banking.html,S,Undated,agent2.md
Aryaa / Aptus,Lending/credit,India,—,"Nothing found. ""Aptus"" is likely Aptus Value Housing Finance, which is a lender rather than a vendor (BK)",—,unverified,unverified,—,—,unverified,—,agent2.md
