id,requirement,source_document,date_status,riskcore_feature,version,link_and_evidence
1,"Six-level MF risk-o-meter based on holdings (equity: mcap/vol/impact cost; debt: credit/IR/liquidity), updated monthly","SEBI circ. SEBI/HO/IMD/DF3/CIR/P/2020/197, now in MF Master Circular 2024",5 Oct 2020; in force (from 1 Jan 2021),Shadow riskometer per fund + portfolio-weighted riskometer + label-drift alert,v1,taxguru (https://taxguru.in/sebi/product-labeling-mutual-fund-schemes-risk-o-meter.html) (S-secondary)
2,Credit Risk-o-Meter for individual debt securities (AAA→D into 6 levels),SEBI consultation,Aug 2026; proposal,Rating-to-risk-level mapper for bond holdings,v1,Business Standard (https://www.business-standard.com/markets/capital-market-news/sebi-proposes-credit-risk-o-meter-for-debt-securities-to-make-credit-risk-easier-to-assess-126081500533_1.html)
3,PRC matrix (max Macaulay duration class I/II/III × CRV class A/B/C),SEBI circular,7 Jun 2021; effective 1 Dec 2021; in force,PRC compliance checker (actual MD and CRV vs declared cell),v1,freefincal (https://freefincal.com/sebis-maximum-risk-matrix-for-debt-mutual-funds/) (S-secondary)
4,Days to liquidate 25%/50% of small/mid-cap scheme,SEBI direction via AMFI letter,28 Feb 2024; monthly since 15 Mar 2024,Liquidity stress engine (ADV × participation) for any equity portfolio,v1,Business Standard (https://www.business-standard.com/amp/markets/mutual-fund/mfs-told-to-disclose-stress-test-reports-of-midcap-smallcap-schemes-124022901229_1.html)
5,PMS performance vs APMI strategy benchmarks; monthly reporting,SEBI/HO/IMD/IMD-PoD-2/P/CIR/2022/172,16 Dec 2022; effective 1 Apr 2023,PMS benchmark-relative risk & return report,v1,APMI-hosted circular (https://www.apmiindia.org/storagebox/images/Circulars/Performance-Benchmarking-16th-Dec'22.pdf)
6,Securities advice / research needs IA or RA registration; regulated entities may not link with unregistered advisers / finfluencers,IA Regs 2013 & RA Regs 2014 (amended 16 Dec 2024); guidelines 8 Jan 2025,In force,"""Analytics-only"" product mode, no buy/sell recommendations, disclaimers, legal review (§6)",v1,AZB (https://www.azbpartners.com/bank/overhaul-of-the-regulatory-framework-for-investment-advisers-and-research-analysts/); SEBI board memo (https://www.sebi.gov.in/sebi_data/meetingfiles/oct-2024/1728550911419_1.pdf)
7,NBFC layers BL/ML/UL/TL; proportional regulation,RBI SBR framework,22 Oct 2021; effective 1 Oct 2022,Entity-layer configuration driving limits and reports,v2,RBI (https://www.rbi.org.in/scripts/NotificationUser.aspx?Id=12179&Mode=0) (S-official)
8,"Single counterparty ≤20% of eligible capital (+5% Board, +5% infra) for NBFC-UL",RBI Large Exposures Framework NBFC-UL,19 Apr 2022; effective 1 Oct 2022,Single-name / group exposure monitor with breach alerts,v2,taxguru (https://taxguru.in/rbi/large-exposures-framework-upper-layer-nbfc-ul.html)
9,"SMA-0/1/2 and NPA at 90 DPD, flagged at day-end; NPA upgrade only once all arrears are cleared",RBI IRACP clarification,12 Nov 2021; in force,"Day-end DPD & SMA/NPA engine, borrower-level contagion, upgrade rule",v2,Vinod Kothari (https://vinodkothari.com/2021/11/npa-classification-norms-2/)
10,Ind AS adoption by NBFCs (₹500 cr+ from FY19; listed / ₹250 cr+ from FY20),MCA Ind AS roadmap,2018–2019; in force,Ind AS 109 ECL mode as default for NBFC tenants,v2,PwC (https://www.pwc.in/assets/pdfs/services/ifrs/ind-as-roadmap-bank-and-insurance-2016.pdf)
11,"Parallel IRACP; when Ind AS ECL < IRACP, the gap goes to Impairment Reserve; comparison disclosure",RBI Ind AS implementation guidance,13 Mar 2020; in force,Dual-book provisioning + Impairment Reserve calc + disclosure table,v2,FIDC copy of RBI circular (https://fidcindia.org.in/wp-content/uploads/2020/03/RBI-IND-AS-13-03-20.pdf)
12,"ECL (3 stages, SICR, EIR) with prudential floors for SCBs","RBI CB–Asset Classification, Provisioning & IR Directions",Draft 7 Oct 2025 → final 27 Apr 2026; effective 1 Apr 2027; transition to 31 Mar 2031,"Floor-aware ECL engine, bank floor tables, glide-path calculator",v2,RBI press release (https://rbidocs.rbi.org.in/rdocs/PressRelease/PDFs/PR150994739A099E843668A75A7F92C9E9BD1.PDF) (S-official)
13,Tiered gold LTV 85/80/75% by ticket size (≤₹2.5L / ₹2.5–5L / >₹5L),RBI Lending Against Gold & Silver Collateral Directions,"6 Jun 2025, amended 29 Sep 2025; comply by 1 Apr 2026",Gold LTV engine + daily MTM + breach alerts,v2,RBI (https://rbi.org.in/scripts/NotificationUser.aspx?Mode=0&Id=12859) (S-official)
14,Bullet loans: LTV on total repayable at maturity; tenor ≤12 months,Same,Same,Maturity-LTV projection and tenor validator,v2,Same
15,No lending to buy gold / gold ETFs / gold MFs,Same,Same,End-use validation rule,v2,Same
16,EWS / Red-Flagged Accounts framework extended to NBFCs,"RBI MDs on Fraud Risk Management (banks, UCBs, NBFCs)",15 Jul 2024; in force,EWS rules engine + watchlist + RFA-candidate queue with audit trail,v2,AZB (https://www.azbpartners.com/bank/master-directions-on-fraud-risk-management-in-banks-and-nbfcs/)
17,"PCA triggers on CRAR, Tier 1, NNPA (3 thresholds)",RBI PCA framework for NBFCs,14 Dec 2021; effective 1 Oct 2022,PCA proximity dashboard under stress,v2,RBI (https://www.rbi.org.in/Scripts/NotificationUser.aspx?Id=12208&Mode=0) (S-official)
18,DLG cap 5% of portfolio,RBI DLG guidelines → Digital Lending Directions 2025,8 Jun 2023; consolidated 2025,DLG pool tracker; ECL gross of DLG,v2,Mondaq (https://www.mondaq.com/india/fin-tech/1347832/guidelines-on-default-loss-guarantee-in-digital-lending)
19,ICAAP for NBFC-UL; RMC / CRO governance,RBI SBR,22 Oct 2021,"ICAAP-lite workbook, scenario library",v2,"RBI SBR MD 2023 PDF (https://rbidocs.rbi.org.in/rdocs/notification/PDFs/106MDNBFCS1910202343073E3EF57A4916AA5042911CD8D562.PDF) (S-official, clause detail unverified)"
20,IRB ASRF risk-weight function at 99.9%,BCBS CRE31 / d424,Dec 2017; Basel III final,Economic-capital (UL) calculator,v2,https://www.bis.org/basel_framework/chapter/CRE/31.htm [UNVERIFIED: blocked]
21,Large exposures 25% of Tier 1; reporting at 10%,BCBS 283,Apr 2014,Top-N exposures vs Tier 1; connected-group aggregation,v2,https://www.bis.org/publ/bcbs283.htm [UNVERIFIED]
22,Pillar 2 name/sector concentration,Basel II Pillar 2,2006,HHI + granularity adjustment,v2,https://www.bis.org/publ/bcbs128.htm [UNVERIFIED]
23,ES 97.5% replaces VaR 99%,BCBS d457 (FRTB),Jan 2019,ES 97.5% + stressed ES for portfolios,v1,https://www.bis.org/bcbs/publ/d457.htm [UNVERIFIED]
24,Stress-testing governance principles,BCBS d450,Oct 2018,"Versioned scenario manager, reverse stress test",v1/v2,https://www.bis.org/bcbs/publ/d450.htm [UNVERIFIED]
25,3-stage ECL; SICR; >30 DPD and 90 DPD rebuttable presumptions; POCI; forward-looking multi-scenario,IFRS 9 §5.5 / Ind AS 109,IFRS 9 effective 2018,"Stage engine, PD term structures, scenario-weighted ECL, POCI",v2,https://www.ifrs.org/issued-standards/list-of-standards/ifrs-9-financial-instruments/ [UNVERIFIED: blocked]
26,CECL lifetime-from-day-1,FASB ASC 326,"US, 2020+",CECL comparison toggle,v2,https://www.fasb.org [UNVERIFIED]
